{"id":"aixenprovencehorairesthoriquesdestransportspublics","ville":"Aix-en-Provence","departement":"Bouches-du-Rhône","categorie":"Horaires théoriques des transports publics","is_exist":"true","institution":"Métropole d'Aix – Marseille – Provence","titre":"Réseaux de transports en commun de la Métropole d'Aix-Marseille-Provence et des Bouches-du-Rhône","is_public":"true","is_free":"true","is_on_web":"true","data_loc":"https:\/\/transport.data.gouv.fr\/datasets\/reseaux-de-transports-en-commun-de-la-metropole-daix-marseille-provence-et-des-bouches-du-rhone\/","is_machine_readabled":"true","is_easy_dowloaded":"true","is_open_licenced":"true","is_updated":"true"}