{"id":"aixenprovenceautorisationdinstallationdtalagesetdeterrasses","ville":"Aix-en-Provence","departement":"Bouches-du-Rhône","categorie":"Autorisation d'installation d'étalages et de terrasses","is_exist":"true","institution":"Ville d'Aix-en-Provence","titre":"Terrasses et étalages sur l’espace public","is_public":"false","is_free":"false","is_on_web":"false","data_loc":"http:\/\/www.aixenprovence.fr\/Terrasses-et-etalages-sur-l-espace-public","is_machine_readabled":"false","is_easy_dowloaded":"false","is_open_licenced":"false","is_updated":"false"}