{"id":"aixenprovencechantiersencourssurlespacepublic","ville":"Aix-en-Provence","departement":"Bouches-du-Rhône","categorie":"Chantiers en cours sur l'espace public","is_exist":"true","institution":"Ville d'Aix-en-Provence","titre":"Modalités d’exécution de travaux sur\/dans un bâtiment","is_public":"false","is_free":"false","is_on_web":"false","data_loc":"http:\/\/www.aixenprovence.fr\/Modalites-travaux-batiments","is_machine_readabled":"false","is_easy_dowloaded":"false","is_open_licenced":"false","is_updated":"false"}