{"id":"aixenprovencepistescyclables","ville":"Aix-en-Provence","departement":"Bouches-du-Rhône","categorie":"Pistes cyclables","is_exist":"true","institution":"Office du Tourisme d'Aix-en-Provence","titre":"Plan circuit cyclable Aix","is_public":"true","is_free":"true","is_on_web":"true","data_loc":"https:\/\/www.aixenprovencetourism.com\/wp-content\/ressources\/maps\/plan-circuit-cyclable-aix.jpg","is_machine_readabled":"false","is_easy_dowloaded":"false","is_open_licenced":"false","is_updated":"false"}