{"id":"aixenprovencelocalisationdesespacesverts","ville":"Aix-en-Provence","departement":"Bouches-du-Rhône","categorie":"Localisation des espaces verts ","is_exist":"true","institution":"Ville d'Aix-en-Provence","titre":"Charte de l’arbre d’Aix-en-Provence","is_public":"true","is_free":"true","is_on_web":"true","data_loc":"http:\/\/www.aixenprovence.fr\/Charte-de-l-arbre-d-Aix-en-Provence","is_machine_readabled":"false","is_easy_dowloaded":"false","is_open_licenced":"false","is_updated":"false"}