{"id":"aixenprovencebudget","ville":"Aix-en-Provence","departement":"Bouches-du-Rhône","categorie":"Budget","is_exist":"true","institution":"Métropole d'Aix-Marseille-Provence","titre":"Rapport des orientations budgétaires de l'année 2019 de la métropole d'Aix-Marseille-Provence","is_public":"true","is_free":"true","is_on_web":"true","data_loc":"http:\/\/www.jouques.fr\/wp-content\/uploads\/debat-dorientation-budgetaire\/ROB-2019-metropole.pdf","is_machine_readabled":"false","is_easy_dowloaded":"false","is_open_licenced":"false","is_updated":"false"}