{"id":"aixenprovenceanomaliessignalesparlescitoyenssurlavoiepublique","ville":"Aix-en-Provence","departement":"Bouches-du-Rhône","categorie":"Anomalies signalées par les citoyens sur la voie publique","is_exist":"true","institution":"Ville d'Aix-en-Provence","titre":"Aix ma ville","is_public":"false","is_free":"false","is_on_web":"false","data_loc":"https:\/\/www.aixenprovence.fr\/Mairie-Aix-Press","is_machine_readabled":"false","is_easy_dowloaded":"false","is_open_licenced":"false","is_updated":"false"}