{"id":"aixenprovencedisponibilitdesvlosenlibreservice","ville":"Aix-en-Provence","departement":"Bouches-du-Rhône","categorie":"Disponibilité des vélos en libre service","is_exist":"true","institution":"Métropole d'Aix-en-Provence","titre":"Place aux vélos ! ","is_public":"false","is_free":"false","is_on_web":"false","data_loc":"https:\/\/www.ampmetropole.fr\/actualites\/plan-velo-2019","is_machine_readabled":"false","is_easy_dowloaded":"false","is_open_licenced":"false","is_updated":"false"}