{"id":"aixenprovenceevnementsculturelsconcertsfêtes","ville":"Aix-en-Provence","departement":"Bouches-du-Rhône","categorie":"\"Evénements culturels (concerts, fêtes, …) \"","is_exist":"true","institution":"Ville d'Aix-en-Provence","titre":"Aix-en-Provence, l’agenda culturel","is_public":"true","is_free":"true","is_on_web":"true","data_loc":"http:\/\/www.aixenprovence.fr\/Aix-en-Provence-l-agenda-culturel","is_machine_readabled":"false","is_easy_dowloaded":"false","is_open_licenced":"false","is_updated":"true"}