{"id":"aixenprovencesubventionsauxassociations","ville":"Aix-en-Provence","departement":"Bouches-du-Rhône","categorie":"Subventions aux associations","is_exist":"true","institution":"Ville d'Aix-en-Provence","titre":"Données essentielles de conventions de subventions","is_public":"true","is_free":"true","is_on_web":"true","data_loc":"http:\/\/www.aixenprovence.fr\/DONNEES-ESSENTIELLES-DES-CONVENTIONS-DE-SUBVENTIONS-Mai-2017","is_machine_readabled":"true","is_easy_dowloaded":"true","is_open_licenced":"true","is_updated":"true"}