{"id":"amiensautorisationdinstallationdtalagesetdeterrasses","ville":"Amiens","departement":"Somme","categorie":"Autorisation d'installation d'étalages et de terrasses","is_exist":"true","institution":"Ville d'Amiens","titre":"Procédure numérique pour demande d'occupation de l'espace public","is_public":"false","is_free":"false","is_on_web":"false","data_loc":"https:\/\/www.amiens.fr\/Vivre-a-Amiens\/Vie-associative\/Aide-logistique-a-l-organisation-d-evenements","is_machine_readabled":"false","is_easy_dowloaded":"false","is_open_licenced":"false","is_updated":"false"}