{"id":"amiensdisponibilitdesvlosenlibreservice","ville":"Amiens","departement":"Somme","categorie":"Disponibilité des vélos en libre service","is_exist":"true","institution":"Point d'Accès National transport.data.gouv.fr ","titre":"Vélos libre-service Amiens Vélam : disponibilité en temps réel","is_public":"true","is_free":"true","is_on_web":"true","data_loc":"https:\/\/www.data.gouv.fr\/en\/datasets\/velos-libre-service-amiens-velam-disponibilite-en-temps-reel-1\/","is_machine_readabled":"true","is_easy_dowloaded":"true","is_open_licenced":"true","is_updated":"false"}