{"id":"angerssubventionsauxassociations","ville":"Angers","departement":"Maine-et-Loire","categorie":"Subventions aux associations","is_exist":"true","institution":"Ville d'Angers","titre":"Recherche : Subventions ou appels à projets de la Ville d'Angers","is_public":"false","is_free":"false","is_on_web":"false","data_loc":"http:\/\/www.angers.fr\/vivre-a-angers\/associations\/vos-demarches-et-services\/subventions-ou-appels-a-projets\/index.html","is_machine_readabled":"false","is_easy_dowloaded":"false","is_open_licenced":"false","is_updated":"false"}