{"id":"angersautorisationdinstallationdtalagesetdeterrasses","ville":"Angers","departement":"Maine-et-Loire","categorie":"Autorisation d'installation d'étalages et de terrasses","is_exist":"true","institution":"Ville d'Angers","titre":"Recherche : Angers autorisation terrasses","is_public":"false","is_free":"false","is_on_web":"false","data_loc":"angers.fr\/vivre-a-angers\/voirie-deplacements\/la-gestion-des-voies-publiques\/l-occupation-commerciale-de-l-espace-public-terrasses-etalages-equipements-de-commerces\/index.html","is_machine_readabled":"false","is_easy_dowloaded":"false","is_open_licenced":"false","is_updated":"false"}