{"id":"angersmarchspublics","ville":"Angers","departement":"Maine-et-Loire","categorie":"Marchés publics","is_exist":"true","institution":"Angers Loire Métropole","titre":"Marchés Publics - Angers Loire métropole","is_public":"true","is_free":"true","is_on_web":"true","data_loc":"https:\/\/data.angers.fr\/explore\/?q=marchés+publics&disjunctive.keyword&disjunctive.modified&sort=modified","is_machine_readabled":"true","is_easy_dowloaded":"true","is_open_licenced":"true","is_updated":"false"}