{"id":"angershorairesthoriquesdestransportspublics","ville":"Angers","departement":"Maine-et-Loire","categorie":"Horaires théoriques des transports publics","is_exist":"true","institution":"Angers Loire Métropole","titre":"Description du réseau bus-tram Irigo sur le territoire d’Angers Loire Métropole","is_public":"true","is_free":"true","is_on_web":"true","data_loc":"https:\/\/transport.data.gouv.fr\/datasets\/angers-loire-metropole-horaires-theoriques-du-reseau-irigo\/","is_machine_readabled":"true","is_easy_dowloaded":"true","is_open_licenced":"true","is_updated":"true"}