{"id":"angerspistescyclables","ville":"Angers","departement":"Maine-et-Loire","categorie":"Pistes cyclables","is_exist":"true","institution":"Angers Loire Métropole","titre":"Infrastructures cyclables","is_public":"true","is_free":"true","is_on_web":"true","data_loc":"https:\/\/data.angers.fr\/explore\/dataset\/voies-cyclables-angers-loire-metropole\/information\/?disjunctive.velo_type&disjunctive.circulatio&disjunctive.contr_sens&disjunctive.tron_fonct","is_machine_readabled":"true","is_easy_dowloaded":"true","is_open_licenced":"true","is_updated":"false"}