{"id":"angershorairestempsreldestransportspublics","ville":"Angers","departement":"Maine-et-Loire","categorie":"Horaires temps réel des transports publics","is_exist":"true","institution":"Angers Loire Métropole","titre":"Horaires des prochains passages aux arrêts du réseau bus-tram Irigo","is_public":"true","is_free":"true","is_on_web":"true","data_loc":"https:\/\/data.angers.fr\/explore\/dataset\/bus-tram-circulation-passages\/information\/","is_machine_readabled":"true","is_easy_dowloaded":"true","is_open_licenced":"true","is_updated":"true"}