{"id":"angerslocalisationdesarbres","ville":"Angers","departement":"Maine-et-Loire","categorie":"Localisation des arbres","is_exist":"true","institution":"Ville d'Angers","titre":"Recherche : Angers localisation arbres","is_public":"false","is_free":"false","is_on_web":"false","data_loc":"http:\/\/www.angers.fr\/vivre-a-angers\/la-nature-a-angers\/les-parcs-et-jardins-publics\/patrimoine\/patrimoine-arbore\/index.html","is_machine_readabled":"false","is_easy_dowloaded":"false","is_open_licenced":"false","is_updated":"false"}