{"id":"angersdisponibilitdesvlosenlibreservice","ville":"Angers","departement":"Maine-et-Loire","categorie":"Disponibilité des vélos en libre service","is_exist":"true","institution":"Ville d'Angers","titre":"Recherche : Angers vélos libre-service","is_public":"false","is_free":"false","is_on_web":"false","data_loc":"http:\/\/www.angers.fr\/vivre-a-angers\/voirie-deplacements\/le-velo\/velocite\/index.html","is_machine_readabled":"false","is_easy_dowloaded":"false","is_open_licenced":"false","is_updated":"false"}