{"id":"angerslocalisationdesespacesverts","ville":"Angers","departement":"Maine-et-Loire","categorie":"Localisation des espaces verts ","is_exist":"true","institution":"Ville d'Angers","titre":"Recherche : Angers localisation des espaces verts (parcs et jardins)","is_public":"false","is_free":"false","is_on_web":"false","data_loc":"http:\/\/www.angers.fr\/vivre-a-angers\/la-nature-a-angers\/les-parcs-et-jardins-publics\/patrimoine\/parcs-et-jardins\/index.html","is_machine_readabled":"false","is_easy_dowloaded":"false","is_open_licenced":"false","is_updated":"false"}