{"id":"angersanomaliessignalesparlescitoyenssurlavoiepublique","ville":"Angers","departement":"Maine-et-Loire","categorie":"Anomalies signalées par les citoyens sur la voie publique","is_exist":"true","institution":"Ville d'Angers","titre":"Mairie 5 sur 5","is_public":"false","is_free":"false","is_on_web":"false","data_loc":"http:\/\/www.angers.fr\/services-demarches\/mairie-5-sur-5\/index.html","is_machine_readabled":"false","is_easy_dowloaded":"false","is_open_licenced":"false","is_updated":"false"}