{"id":"annecyhorairestempsreldestransportspublics","ville":"Annecy","departement":"Haute-Savoie","categorie":"Horaires temps réel des transports publics","is_exist":"true","institution":"Sibra (Transports urbains de l'agglomération d'Annnecy)","titre":"Recherches : Horaire temps réel transports Annecy ","is_public":"true","is_free":"true","is_on_web":"true","data_loc":"https:\/\/www.sibra.fr\/horaires-temps-reel\/recherche","is_machine_readabled":"false","is_easy_dowloaded":"false","is_open_licenced":"false","is_updated":"true"}