{"id":"annecyhorairesthoriquesdestransportspublics","ville":"Annecy","departement":"Haute-Savoie","categorie":"Horaires théoriques des transports publics","is_exist":"true","institution":"Sibra (Transports urbains de l'agglomération d'Annnecy)","titre":"Horaires de transports des bus Sibra sur l'ensemble des 31 lignes du réseau","is_public":"true","is_free":"true","is_on_web":"true","data_loc":"https:\/\/www.data.gouv.fr\/fr\/datasets\/offre-de-transports-sibra-a-annecy-gtfs\/","is_machine_readabled":"true","is_easy_dowloaded":"true","is_open_licenced":"true","is_updated":"true"}