{"id":"argenteuilanomaliessignalesparlescitoyenssurlavoiepublique","ville":"Argenteuil","departement":"Val-d'Oise","categorie":"Anomalies signalées par les citoyens sur la voie publique","is_exist":"true","institution":"Ville d'Argentueil","titre":"Lien de l'application vers le site d'argentueil","is_public":"true","is_free":"true","is_on_web":"true","data_loc":"http:\/\/www.argenteuil.fr\/actualite\/23\/39-tell-my-city-vous-signalez-une-anomalie-la-ville-y-remedie.htm","is_machine_readabled":"false","is_easy_dowloaded":"false","is_open_licenced":"true","is_updated":"false"}