{"id":"argenteuildisponibilitdesvlosenlibreservice","ville":"Argenteuil","departement":"Val-d'Oise","categorie":"Disponibilité des vélos en libre service","is_exist":"true","institution":"Île-de-France Mobilités","titre":"Parcs à Vélos Véligo en Île-de-France","is_public":"true","is_free":"true","is_on_web":"true","data_loc":"https:\/\/data.iledefrance-mobilites.fr\/explore\/dataset\/parcs-veligo\/information\/","is_machine_readabled":"true","is_easy_dowloaded":"true","is_open_licenced":"true","is_updated":"true"}