{"id":"argenteuilbudget","ville":"Argenteuil","departement":"Val-d'Oise","categorie":"Budget","is_exist":"true","institution":"Ville d'Argenteuil","titre":"Le budget municipal d'Argenteuil","is_public":"true","is_free":"true","is_on_web":"true","data_loc":"https:\/\/www.impots.gouv.fr\/cll\/zf1\/communegfp\/flux.ex?_flowExecutionKey=e1s4&_eventId=chiffrescles&critereDeSelection.nomCol=ARGENTEUIL","is_machine_readabled":"false","is_easy_dowloaded":"false","is_open_licenced":"true","is_updated":"false"}