{"id":"argenteuilmarchspublics","ville":"Argenteuil","departement":"Val-d'Oise","categorie":"Marchés publics","is_exist":"true","institution":"Département des Hauts-de-Seine","titre":"Marchés Publics Hauts-de-Seine","is_public":"true","is_free":"true","is_on_web":"true","data_loc":"https:\/\/opendata.hauts-de-seine.fr\/explore\/dataset\/marches-publics\/table\/?disjunctive.nature&disjunctive.seuil&sort=date_notification","is_machine_readabled":"true","is_easy_dowloaded":"true","is_open_licenced":"true","is_updated":"false"}