{"id":"besanonchantiersencourssurlespacepublic","ville":"Besançon","departement":"Doubs","categorie":"Chantiers en cours sur l'espace public","is_exist":"true","institution":"Ville de Besançon","titre":"Perturbations de circulation","is_public":"true","is_free":"true","is_on_web":"true","data_loc":"https:\/\/www.grandbesancon.fr\/infos-pratiques\/urbanisme-voirie-travaux\/perturbations-de-circulation\/","is_machine_readabled":"false","is_easy_dowloaded":"false","is_open_licenced":"false","is_updated":"true"}