{"id":"besanonlocalisationdesespacesverts","ville":"Besançon","departement":"Doubs","categorie":"Localisation des espaces verts ","is_exist":"true","institution":"Grand Besançon Métropole","titre":"Grand Besançon (Tourisme et Congrès) Localisation des espaces verts ","is_public":"true","is_free":"true","is_on_web":"true","data_loc":"https:\/\/www.besancon-tourisme.com\/fr\/decouvrir\/parcs-et-jardins.html","is_machine_readabled":"false","is_easy_dowloaded":"false","is_open_licenced":"false","is_updated":"true"}