{"id":"besanonmenudescantinesscolaires","ville":"Besançon","departement":"Doubs","categorie":"Menu des cantines scolaires","is_exist":"true","institution":"Ville de Besançon","titre":"Les menus de la semaine dans les cantines à Besançon","is_public":"true","is_free":"true","is_on_web":"true","data_loc":"https:\/\/www.macommune.info\/les-menus-de-la-semaine-dans-les-cantines-a-besancon\/","is_machine_readabled":"false","is_easy_dowloaded":"false","is_open_licenced":"false","is_updated":"true"}