{"id":"besanonevnementsculturelsconcertsfêtes","ville":"Besançon","departement":"Doubs","categorie":"\"Evénements culturels (concerts, fêtes, …) \"","is_exist":"true","institution":"Ville de Besançon","titre":"Sortir, fêtes, expositions et que faire ce week-end à Besançon","is_public":"true","is_free":"true","is_on_web":"true","data_loc":"https:\/\/www.cityzeum.com\/evenement\/besancon","is_machine_readabled":"false","is_easy_dowloaded":"false","is_open_licenced":"false","is_updated":"true"}