{"id":"besanonautorisationsdurbanismes","ville":"Besançon","departement":"Doubs","categorie":"Autorisations d'urbanismes","is_exist":"true","institution":"Ville de Besançon","titre":"Consulter les Autorisations d’Urbanisme","is_public":"false","is_free":"false","is_on_web":"false","data_loc":"https:\/\/www.grandbesancon.fr\/demarche-administrative\/consulter-les-autorisations-durbanisme\/","is_machine_readabled":"false","is_easy_dowloaded":"false","is_open_licenced":"false","is_updated":"false"}