{"id":"besanonhorairesthoriquesdestransportspublics","ville":"Besançon","departement":"Doubs","categorie":"Horaires théoriques des transports publics","is_exist":"true","institution":"Grand Besançon Métropole","titre":"Liste des lignes, arrêts, et horaires des bus et tramways du réseau Ginko.","is_public":"true","is_free":"true","is_on_web":"true","data_loc":"https:\/\/transport.data.gouv.fr\/datasets\/gtfs-du-reseau-ginko-besancon-lignes-urbaines\/","is_machine_readabled":"true","is_easy_dowloaded":"true","is_open_licenced":"true","is_updated":"true"}