{"id":"besanonautorisationdinstallationdtalagesetdeterrasses","ville":"Besançon","departement":"Doubs","categorie":"Autorisation d'installation d'étalages et de terrasses","is_exist":"true","institution":"Ville de Besançon","titre":"Autorisation d’occupation commerciale du domaine public à Besançon","is_public":"false","is_free":"false","is_on_web":"false","data_loc":"https:\/\/www.grandbesancon.fr\/demarche-administrative\/autorisation-doccupation-commerciale-du-domaine-public-a-besancon\/","is_machine_readabled":"false","is_easy_dowloaded":"false","is_open_licenced":"false","is_updated":"false"}