{"id":"bordeauxhorairestempsreldestransportspublics","ville":"Bordeaux","departement":"Gironde","categorie":"Horaires temps réel des transports publics","is_exist":"true","institution":"Transports Bordeaux Métropole","titre":"Le réseau Transports Bordeaux Métropole, également connu sous le sigle TBM, est le nom du réseau de transport en commun desservant Bordeaux Métropole.","is_public":"true","is_free":"true","is_on_web":"true","data_loc":"https:\/\/www.infotbm.com\/fr","is_machine_readabled":"false","is_easy_dowloaded":"false","is_open_licenced":"false","is_updated":"true"}