{"id":"bordeauxevnementsculturelsconcertsfêtes","ville":"Bordeaux","departement":"Gironde","categorie":"\"Evénements culturels (concerts, fêtes, …) \"","is_exist":"true","institution":"Bordeaux Métropole","titre":"Agenda Bordeaux Métropole","is_public":"true","is_free":"true","is_on_web":"true","data_loc":"https:\/\/opendata.bordeaux-metropole.fr\/explore\/dataset\/met_agenda\/table\/","is_machine_readabled":"true","is_easy_dowloaded":"true","is_open_licenced":"true","is_updated":"false"}