{"id":"bordeauxhorairesthoriquesdestransportspublics","ville":"Bordeaux","departement":"Gironde","categorie":"Horaires théoriques des transports publics","is_exist":"true","institution":"Transports Bordeaux Métropole","titre":"Liste des arrêts, horaires et parcours de tous les bus et tram du réseau TBM ( Transport Bordeaux Métropole)","is_public":"true","is_free":"true","is_on_web":"true","data_loc":"https:\/\/transport.data.gouv.fr\/datasets\/gtfs-du-reseau-de-transport-tbm-offre-de-service-bus-et-tram\/","is_machine_readabled":"true","is_easy_dowloaded":"true","is_open_licenced":"true","is_updated":"true"}