{"id":"bordeauxautorisationsdurbanismes","ville":"Bordeaux","departement":"Gironde","categorie":"Autorisations d'urbanismes","is_exist":"true","institution":"Ville de Bordeaux","titre":"Autorisation urbanisme - Bordeaux","is_public":"false","is_free":"false","is_on_web":"false","data_loc":"http:\/\/www.bordeaux.fr\/p63975?cmq_path=%2Fvos-droits%2FN319%2Fin%2Fcommunes%2F33063&cmq_where=33000%20BORDEAUX","is_machine_readabled":"false","is_easy_dowloaded":"false","is_open_licenced":"false","is_updated":"false"}