{"id":"bordeauxsubventionsauxassociations","ville":"Bordeaux","departement":"Gironde","categorie":"Subventions aux associations","is_exist":"true","institution":"Bordeaux Métropole","titre":"Subventions de Bordeaux Métropole","is_public":"true","is_free":"true","is_on_web":"true","data_loc":"https:\/\/opendata.bordeaux-metropole.fr\/explore\/dataset\/subventions-metropole-de-bordeaux\/information\/?disjunctive.objet_reuse&disjunctive.montant_reuse&calendarview=month","is_machine_readabled":"true","is_easy_dowloaded":"true","is_open_licenced":"true","is_updated":"true"}