{"id":"bordeauxlistedesprnoms","ville":"Bordeaux","departement":"Gironde","categorie":"Liste des prénoms","is_exist":"true","institution":"Ville de Bordeaux","titre":"Palmarès annuel des 100 premiers prénoms depuis 1900 à Bordeaux","is_public":"true","is_free":"true","is_on_web":"true","data_loc":"https:\/\/scnbdx.opendatasoft.com\/explore\/dataset\/bor_top100prenoms\/information\/?disjunctive.premprenom","is_machine_readabled":"true","is_easy_dowloaded":"true","is_open_licenced":"true","is_updated":"true"}