{"id":"boulognebillancourtsubventionsauxassociations","ville":"Boulogne-Billancourt","departement":"Hauts-de-Seine","categorie":"Subventions aux associations","is_exist":"true","institution":"Grand Paris Seine Ouest","titre":"Subventions aux associations","is_public":"true","is_free":"true","is_on_web":"true","data_loc":"https:\/\/data.seineouest.fr\/explore\/dataset\/les-subventions-aux-associations\/table\/?disjunctive.beneficiaires_liste&disjunctive.beneficiaire_nom&disjunctive.subvention_nature","is_machine_readabled":"true","is_easy_dowloaded":"true","is_open_licenced":"true","is_updated":"true"}