{"id":"boulognebillancourtlocalisationdesespacesverts","ville":"Boulogne-Billancourt","departement":"Hauts-de-Seine","categorie":"Localisation des espaces verts ","is_exist":"true","institution":"Ville de Boulogne-Billancourt","titre":"Carte interactive des parcs et jardins","is_public":"true","is_free":"true","is_on_web":"true","data_loc":"https:\/\/www.boulognebillancourt.com\/ma-ville\/vie-des-quartiers\/carte-interactive-des-parcs-et-jardins","is_machine_readabled":"false","is_easy_dowloaded":"false","is_open_licenced":"false","is_updated":"true"}