{"id":"boulognebillancourtbudget","ville":"Boulogne-Billancourt","departement":"Hauts-de-Seine","categorie":"Budget","is_exist":"true","institution":"Ville de Boulogne-Billancourt","titre":"Présentation au conseil municipal du rapport d’orientations budgétaires 2020","is_public":"true","is_free":"true","is_on_web":"true","data_loc":"https:\/\/www.boulognebillancourt.com\/la-mairie\/le-budget","is_machine_readabled":"false","is_easy_dowloaded":"false","is_open_licenced":"false","is_updated":"true"}