{"id":"boulognebillancourthorairestempsreldestransportspublics","ville":"Boulogne-Billancourt","departement":"Hauts-de-Seine","categorie":"Horaires temps réel des transports publics","is_exist":"true","institution":"ZenBus","titre":"Horaires théoriques et temps-réel du réseau GPSO (GTFS \/ GTFS-RT)","is_public":"true","is_free":"true","is_on_web":"true","data_loc":"https:\/\/www.data.gouv.fr\/fr\/datasets\/horaires-theoriques-et-temps-reel-du-reseau-gpso-gtfs-gtfs-rt\/#_","is_machine_readabled":"true","is_easy_dowloaded":"true","is_open_licenced":"true","is_updated":"true"}