{"id":"boulognebillancourtanomaliessignalesparlescitoyenssurlavoiepublique","ville":"Boulogne-Billancourt","departement":"Hauts-de-Seine","categorie":"Anomalies signalées par les citoyens sur la voie publique","is_exist":"true","institution":"Ville de Boulogne-Billancourt","titre":"So Net","is_public":"false","is_free":"false","is_on_web":"false","data_loc":"https:\/\/www.boulognebillancourt.com\/ma-ville\/proprete\/devenez-sentinelle-de-lespace-public-avec-so-net","is_machine_readabled":"false","is_easy_dowloaded":"false","is_open_licenced":"false","is_updated":"false"}