{"id":"boulognebillancourtlistedesprnoms","ville":"Boulogne-Billancourt","departement":"Hauts-de-Seine","categorie":"Liste des prénoms","is_exist":"true","institution":"Ville de Boulogne-Billancourt","titre":"Liste des prénoms donnés à Boulogne-Billancourt de 2008 à 2019","is_public":"true","is_free":"true","is_on_web":"true","data_loc":"https:\/\/www.data.gouv.fr\/fr\/datasets\/liste-des-prenoms-donnes-a-boulogne-billancourt-de-2008-a-2019\/","is_machine_readabled":"true","is_easy_dowloaded":"false","is_open_licenced":"true","is_updated":"true"}