{"id":"boulognebillancourtchantiersencourssurlespacepublic","ville":"Boulogne-Billancourt","departement":"Hauts-de-Seine","categorie":"Chantiers en cours sur l'espace public","is_exist":"true","institution":"Département des Hauts-de-Seine","titre":"Travaux sur la voirie départementale (points)","is_public":"true","is_free":"true","is_on_web":"true","data_loc":"https:\/\/data.seineouest.fr\/explore\/dataset\/travaux-sur-la-voirie-departementale-points\/table\/?sort=commune","is_machine_readabled":"true","is_easy_dowloaded":"true","is_open_licenced":"true","is_updated":"true"}