{"id":"boulognebillancourtautorisationsdurbanismes","ville":"Boulogne-Billancourt","departement":"Hauts-de-Seine","categorie":"Autorisations d'urbanismes","is_exist":"true","institution":"","titre":"","is_public":"false","is_free":"false","is_on_web":"false","data_loc":"https:\/\/www.boulognebillancourt.com\/information-transversale\/mentions-legales-du-guichet-national-des-autorisations-durbanisme","is_machine_readabled":"false","is_easy_dowloaded":"false","is_open_licenced":"false","is_updated":"false"}