{"id":"boulognebillancourtmarchspublics","ville":"Boulogne-Billancourt","departement":"Hauts-de-Seine","categorie":"Marchés publics","is_exist":"true","institution":"Grand Paris Seine Ouest","titre":"Marchés publics Grand Paris Seine Ouest","is_public":"true","is_free":"true","is_on_web":"true","data_loc":"https:\/\/data.seineouest.fr\/explore\/dataset\/les-marches-publics\/table\/?disjunctive.nature&disjunctive.procedure","is_machine_readabled":"true","is_easy_dowloaded":"true","is_open_licenced":"true","is_updated":"true"}