{"id":"bresthorairestempsreldestransportspublics","ville":"Brest","departement":"Finistère","categorie":"Horaires temps réel des transports publics","is_exist":"true","institution":"Brest Métropole ","titre":"Brest métropole met à disposition des développeurs les données de l'offre théorique et en temps réel des transports collectifs (bus et tramways) du réseau Bibus.","is_public":"true","is_free":"true","is_on_web":"true","data_loc":"https:\/\/geo.pays-de-brest.fr\/donnees\/Pages\/TempsReel.aspx","is_machine_readabled":"true","is_easy_dowloaded":"true","is_open_licenced":"true","is_updated":"true"}