{"id":"brestautorisationsdurbanismes","ville":"Brest","departement":"Finistère","categorie":"Autorisations d'urbanismes","is_exist":"true","institution":"Ville de Brest","titre":"Autorisation Urbanisme - Brest","is_public":"false","is_free":"false","is_on_web":"false","data_loc":"https:\/\/www.brest.fr\/vos-demarches\/preparez-vos-documents-avant-de-vous-rendre-en-mairie\/autorisations-d-urbanisme-2504.html","is_machine_readabled":"false","is_easy_dowloaded":"false","is_open_licenced":"false","is_updated":"false"}