{"id":"brestchantiersencourssurlespacepublic","ville":"Brest","departement":"Finistère","categorie":"Chantiers en cours sur l'espace public","is_exist":"true","institution":"Ville de Brest","titre":"Chantiers en cours sur la voie publique - Brest","is_public":"false","is_free":"false","is_on_web":"false","data_loc":"https:\/\/www.brest.fr\/au-quotidien\/se-deplacer-stationner\/chantiers-voirie-2372.html","is_machine_readabled":"false","is_easy_dowloaded":"false","is_open_licenced":"false","is_updated":"false"}