{"id":"brestmenudescantinesscolaires","ville":"Brest","departement":"Finistère","categorie":"Menu des cantines scolaires","is_exist":"true","institution":"Ville de Brest","titre":"Les menus dans les restaurants scolaires","is_public":"true","is_free":"true","is_on_web":"true","data_loc":"https:\/\/www.brest.fr\/aller-a-l-ecole\/la-restauration-scolaire\/les-menus-dans-les-restaurants-scolaires-1912.html","is_machine_readabled":"false","is_easy_dowloaded":"false","is_open_licenced":"false","is_updated":"true"}