{"id":"brestdisponibilitdesvlosenlibreservice","ville":"Brest","departement":"Finistère","categorie":"Disponibilité des vélos en libre service","is_exist":"true","institution":"Bibus","titre":"Présentation service vélo libre service - Brest","is_public":"false","is_free":"false","is_on_web":"false","data_loc":"https:\/\/www.bibus.fr\/fr\/se-deplacer\/velocibus-location-velo-longue-duree","is_machine_readabled":"false","is_easy_dowloaded":"false","is_open_licenced":"false","is_updated":"false"}