{"id":"brestevnementsculturelsconcertsfêtes","ville":"Brest","departement":"Finistère","categorie":"\"Evénements culturels (concerts, fêtes, …) \"","is_exist":"true","institution":"Office Tourisme Brest","titre":"Calendrier Événement culturel - Brest","is_public":"false","is_free":"false","is_on_web":"false","data_loc":"https:\/\/www.brest-metropole-tourisme.fr\/sortir-bouger\/agenda\/evenements","is_machine_readabled":"false","is_easy_dowloaded":"false","is_open_licenced":"false","is_updated":"false"}