{"id":"brestautorisationdinstallationdtalagesetdeterrasses","ville":"Brest","departement":"Finistère","categorie":"Autorisation d'installation d'étalages et de terrasses","is_exist":"true","institution":"Ville de Brest","titre":"Règlement des autorisations de l’implantation de terrasses ou étalages","is_public":"false","is_free":"false","is_on_web":"false","data_loc":"https:\/\/eservices.brest.fr\/sites\/actes\/acte\/Ville%20de%20Brest%20A%202015-12-2206.pdf","is_machine_readabled":"false","is_easy_dowloaded":"false","is_open_licenced":"false","is_updated":"false"}