{"id":"bresthorairesthoriquesdestransportspublics","ville":"Brest","departement":"Finistère","categorie":"Horaires théoriques des transports publics","is_exist":"true","institution":"Brest Métropole ","titre":"Liste des arrêts, horaires et parcours de tous les bus et tramways en circulation","is_public":"true","is_free":"true","is_on_web":"true","data_loc":"https:\/\/transport.data.gouv.fr\/datasets\/liste-des-arrets-horaires-et-parcours-de-tous-les-bus-et-tramways-circulant-sur-le-territoire-de-brest-metropole\/","is_machine_readabled":"true","is_easy_dowloaded":"true","is_open_licenced":"true","is_updated":"true"}