{"id":"brestsubventionsauxassociations","ville":"Brest","departement":"Finistère","categorie":"Subventions aux associations","is_exist":"true","institution":"Brest Métropole","titre":"Subventions des associations ","is_public":"false","is_free":"false","is_on_web":"false","data_loc":"https:\/\/www.brest.fr\/vos-demarches\/preparez-vos-documents-avant-de-vous-rendre-en-mairie\/demande-de-subvention-pour-une-association-2484.html","is_machine_readabled":"false","is_easy_dowloaded":"false","is_open_licenced":"false","is_updated":"false"}