{"id":"brestlocalisationdesespacesverts","ville":"Brest","departement":"Finistère","categorie":"Localisation des espaces verts ","is_exist":"true","institution":"Brest Métropole","titre":"Les espaces verts de Brest","is_public":"true","is_free":"true","is_on_web":"true","data_loc":"https:\/\/bmo.maps.arcgis.com\/apps\/webappviewer\/index.html?id=6776fa570da64159a68147e46d402c3c&extent=-4.6585,48.3314,-4.3465,48.4751&zoom=true&scale=true&disable_scroll=false&theme=light","is_machine_readabled":"false","is_easy_dowloaded":"false","is_open_licenced":"false","is_updated":"true"}