{"id":"brestlistedesprnoms","ville":"Brest","departement":"Finistère","categorie":"Liste des prénoms","is_exist":"true","institution":"Ville de Brest","titre":"Les prénoms les plus donnés à Brest","is_public":"false","is_free":"false","is_on_web":"false","data_loc":"https:\/\/www.letelegramme.fr\/finistere\/brest\/a-brest-raphael-et-louise-en-tete-des-prenoms-en-2019-03-01-2020-12470254.php","is_machine_readabled":"false","is_easy_dowloaded":"false","is_open_licenced":"false","is_updated":"false"}