{"id":"caenlocalisationdesarbres","ville":"Caen","departement":"Calvados","categorie":"Localisation des arbres","is_exist":"true","institution":"Ville de Caen  ","titre":"Carte des éléments urbains, dont chaines d'abres et arbres remarquables ","is_public":"true","is_free":"true","is_on_web":"true","data_loc":"https:\/\/caen.fr\/sites\/default\/files\/2020-01\/4_2_1_Plan_rep%c3%a9rage_Zones_Secteurs.pdf","is_machine_readabled":"false","is_easy_dowloaded":"false","is_open_licenced":"false","is_updated":"false"}