{"id":"caenhorairesthoriquesdestransportspublics","ville":"Caen","departement":"Calvados","categorie":"Horaires théoriques des transports publics","is_exist":"true","institution":"Caen la Mer ","titre":"Liste des arrêts, horaires et parcours théoriques du réseau Twisto de Caen la Mer.","is_public":"true","is_free":"true","is_on_web":"true","data_loc":"https:\/\/www.data.gouv.fr\/fr\/datasets\/donnees-de-transport-theoriques-du-reseau-twisto\/","is_machine_readabled":"true","is_easy_dowloaded":"true","is_open_licenced":"false","is_updated":"false"}