{"id":"caenautorisationdinstallationdtalagesetdeterrasses","ville":"Caen","departement":"Calvados","categorie":"Autorisation d'installation d'étalages et de terrasses","is_exist":"true","institution":"Ville de Caen","titre":"Reglementation d'occupation du domaine public communal","is_public":"false","is_free":"false","is_on_web":"false","data_loc":"https:\/\/caen.fr\/sites\/default\/files\/2018-11\/reglement_occupation_domaine_public.pdf","is_machine_readabled":"false","is_easy_dowloaded":"false","is_open_licenced":"false","is_updated":"false"}