{"id":"clermontferranddisponibilitdesvlosenlibreservice","ville":"Clermont-Ferrand","departement":"Puy-de-Dôme","categorie":"Disponibilité des vélos en libre service","is_exist":"true","institution":"Point d'Accès National","titre":"Vélos libre service Clermont-Ferrand","is_public":"true","is_free":"true","is_on_web":"true","data_loc":"https:\/\/www.data.gouv.fr\/fr\/datasets\/velos-libre-service-clermont-ferrand-c-velo-disponibilite-en-temps-reel\/","is_machine_readabled":"true","is_easy_dowloaded":"true","is_open_licenced":"true","is_updated":"true"}