{"id":"clermontferrandsubventionsauxassociations","ville":"Clermont-Ferrand","departement":"Puy-de-Dôme","categorie":"Subventions aux associations","is_exist":"true","institution":"Clermont-Auvergne-Métropole","titre":"Recherche subventions aux associations Clermont-Ferrand ","is_public":"true","is_free":"false","is_on_web":"false","data_loc":"https:\/\/www.clermontmetropole.eu\/en\/accompagner-aider\/le-soutien-aux-associations\/demande-de-subventions-culture\/demande-de-subvention-aux-associations\/","is_machine_readabled":"false","is_easy_dowloaded":"false","is_open_licenced":"false","is_updated":"false"}