{"id":"clermontferrandautorisationdinstallationdtalagesetdeterrasses","ville":"Clermont-Ferrand","departement":"Puy-de-Dôme","categorie":"Autorisation d'installation d'étalages et de terrasses","is_exist":"true","institution":"Ville de Clermont-Ferrand","titre":"Terrasses et étalages à Clermont Ferrand","is_public":"false","is_free":"false","is_on_web":"false","data_loc":"https:\/\/clermont-ferrand.fr\/terrasses-etalages","is_machine_readabled":"false","is_easy_dowloaded":"false","is_open_licenced":"false","is_updated":"false"}