{"id":"clermontferrandanomaliessignalesparlescitoyenssurlavoiepublique","ville":"Clermont-Ferrand","departement":"Puy-de-Dôme","categorie":"Anomalies signalées par les citoyens sur la voie publique","is_exist":"true","institution":"Clermont-Auvergne-Métropole","titre":"Service de signalement d'anomalies - Proxim'cité","is_public":"false","is_free":"false","is_on_web":"false","data_loc":"https:\/\/www.clermontmetropole.eu\/outils-pratiques\/proximcite\/","is_machine_readabled":"false","is_easy_dowloaded":"false","is_open_licenced":"false","is_updated":"false"}