{"id":"clermontferrandautorisationsdurbanismes","ville":"Clermont-Ferrand","departement":"Puy-de-Dôme","categorie":"Autorisations d'urbanismes","is_exist":"true","institution":"Ville de Clermont-Ferrand","titre":"Registre d'autorisation - Localisation des travaux","is_public":"true","is_free":"true","is_on_web":"true","data_loc":"https:\/\/www.clermontmetropole.eu\/habiter-se-deplacer\/voirie-et-espace-public\/travaux\/","is_machine_readabled":"false","is_easy_dowloaded":"false","is_open_licenced":"false","is_updated":"true"}