{"id":"grenobleautorisationdinstallationdtalagesetdeterrasses","ville":"Grenoble","departement":"Isère","categorie":"Autorisation d'installation d'étalages et de terrasses","is_exist":"true","institution":"Ville de Grenoble","titre":"Occupation temporaire du domaine public (terrasses, chantiers…)","is_public":"false","is_free":"false","is_on_web":"false","data_loc":"https:\/\/www.grenoble.fr\/demarche\/379\/659-occupation-temporaire-du-domaine-public-terrasses-chantiers.htm","is_machine_readabled":"false","is_easy_dowloaded":"false","is_open_licenced":"false","is_updated":"false"}