{"id":"grenoblesubventionsauxassociations","ville":"Grenoble","departement":"Isère","categorie":"Subventions aux associations","is_exist":"true","institution":"Grenoble-Alpes Métropole","titre":"Subventions aux associations de Grenoble","is_public":"true","is_free":"true","is_on_web":"true","data_loc":"http:\/\/data.metropolegrenoble.fr\/ckan\/dataset\/subventions-aux-associations-de-grenoble","is_machine_readabled":"true","is_easy_dowloaded":"true","is_open_licenced":"true","is_updated":"false"}