{"id":"grenobleanomaliessignalesparlescitoyenssurlavoiepublique","ville":"Grenoble","departement":"Isère","categorie":"Anomalies signalées par les citoyens sur la voie publique","is_exist":"true","institution":"Ville de Grenoble","titre":"Signalement Hygiène Salubrité Environnement","is_public":"false","is_free":"false","is_on_web":"false","data_loc":"https:\/\/www.grenoble.fr\/1347-signalement-hygiene-salubrite-environnement.htm","is_machine_readabled":"false","is_easy_dowloaded":"false","is_open_licenced":"false","is_updated":"false"}