{"id":"lehavredisponibilitdesvlosenlibreservice","ville":"Le Havre","departement":"Seine-Maritime","categorie":"Disponibilité des vélos en libre service","is_exist":"true","institution":"Ville Le Havre","titre":"Recherche  par mots clés sur les sites open data et les sites de la métropole du Havre","is_public":"false","is_free":"false","is_on_web":"false","data_loc":"https:\/\/www.transports-lia.fr\/ftp\/document\/liavelos-parcs-a-velos-sept18.pdf","is_machine_readabled":"false","is_easy_dowloaded":"false","is_open_licenced":"false","is_updated":"false"}