{"id":"lehavreautorisationdinstallationdtalagesetdeterrasses","ville":"Le Havre","departement":"Seine-Maritime","categorie":"Autorisation d'installation d'étalages et de terrasses","is_exist":"true","institution":"Ville Le Havre","titre":"Occupation du domaine public","is_public":"false","is_free":"false","is_on_web":"false","data_loc":"https:\/\/www.lehavre.fr\/pratique\/occupation-du-domaine-public","is_machine_readabled":"false","is_easy_dowloaded":"false","is_open_licenced":"false","is_updated":"false"}