{"id":"lehavrehorairesthoriquesdestransportspublics","ville":"Le Havre","departement":"Seine-Maritime","categorie":"Horaires théoriques des transports publics","is_exist":"true","institution":"Normandie - Bus Verts Calvados","titre":"Données du réseau Keolis Bus Verts","is_public":"true","is_free":"true","is_on_web":"true","data_loc":"https:\/\/transport.data.gouv.fr\/datasets\/donnees-du-reseau-keolis-bus-verts\/","is_machine_readabled":"true","is_easy_dowloaded":"true","is_open_licenced":"true","is_updated":"true"}