{"id":"lehavreanomaliessignalesparlescitoyenssurlavoiepublique","ville":"Le Havre","departement":"Seine-Maritime","categorie":"Anomalies signalées par les citoyens sur la voie publique","is_exist":"true","institution":"Ville Le Havre","titre":"Le Havre et Vous - Fonctionnalités","is_public":"false","is_free":"false","is_on_web":"false","data_loc":"https:\/\/www.lehavre.fr\/appli-lhetvous\/fonctionnalites.php","is_machine_readabled":"false","is_easy_dowloaded":"false","is_open_licenced":"false","is_updated":"false"}