{"id":"lemanshorairestempsreldestransportspublics","ville":"Le Mans","departement":"Sarthe","categorie":"Horaires temps réel des transports publics","is_exist":"true","institution":"Le Mans Métropole","titre":"Horaires du réseau Setram avec l'info trafic en temps réel ","is_public":"true","is_free":"true","is_on_web":"true","data_loc":"https:\/\/www.setram.fr\/1031-Prochains-passages.html","is_machine_readabled":"false","is_easy_dowloaded":"false","is_open_licenced":"false","is_updated":"true"}