{"id":"lemansanomaliessignalesparlescitoyenssurlavoiepublique","ville":"Le Mans","departement":"Sarthe","categorie":"Anomalies signalées par les citoyens sur la voie publique","is_exist":"true","institution":"Le Mans Métropole","titre":"Les interventions","is_public":"false","is_free":"false","is_on_web":"false","data_loc":"http:\/\/www.lemansmetropole.fr\/citoyen\/le-vivre-ensemble\/les-interventions\/","is_machine_readabled":"false","is_easy_dowloaded":"false","is_open_licenced":"false","is_updated":"false"}