{"id":"lemansautorisationsdurbanismes","ville":"Le Mans","departement":"Sarthe","categorie":"Autorisations d'urbanismes","is_exist":"true","institution":"Ville du Mans","titre":"Déclaration préalable destinée à une autorisation d'urbanisme","is_public":"false","is_free":"false","is_on_web":"false","data_loc":"http:\/\/www.lemans.fr\/demarches\/urbanisme\/effectuer-une-declaration-prealable\/","is_machine_readabled":"false","is_easy_dowloaded":"false","is_open_licenced":"false","is_updated":"false"}