{"id":"lillehorairestempsreldestransportspublics","ville":"Lille","departement":"Nord","categorie":"Horaires temps réel des transports publics","is_exist":"true","institution":"Ville de Lille","titre":"Prochains passages aux arrêts Ilévia sur le réseau bus et Tramway rafraîchi chaque minute","is_public":"true","is_free":"true","is_on_web":"true","data_loc":"https:\/\/opendata.lillemetropole.fr\/explore\/dataset\/ilevia-prochainspassages\/information\/?flg=fr","is_machine_readabled":"true","is_easy_dowloaded":"true","is_open_licenced":"true","is_updated":"true"}