{"id":"lillesubventionsauxassociations","ville":"Lille","departement":"Nord","categorie":"Subventions aux associations","is_exist":"true","institution":"Ville de Lille","titre":"Subventions versées par la MEL en 2016","is_public":"true","is_free":"true","is_on_web":"true","data_loc":"https:\/\/opendata.lillemetropole.fr\/explore\/dataset\/subventions-versees-par-la-mel-en-2016\/information\/","is_machine_readabled":"true","is_easy_dowloaded":"true","is_open_licenced":"true","is_updated":"false"}