{"id":"lilleautorisationdinstallationdtalagesetdeterrasses","ville":"Lille","departement":"Nord","categorie":"Autorisation d'installation d'étalages et de terrasses","is_exist":"true","institution":"Ville de Lille","titre":"Charte des terrasses lilloises","is_public":"false","is_free":"false","is_on_web":"false","data_loc":"https:\/\/www.lille.fr\/index.php\/en\/content\/download\/21387\/312720\/file\/PlaquettedesTerrasses.pdf","is_machine_readabled":"false","is_easy_dowloaded":"false","is_open_licenced":"false","is_updated":"false"}