{"id":"lilledisponibilitdesvlosenlibreservice","ville":"Lille","departement":"Nord","categorie":"Disponibilité des vélos en libre service","is_exist":"true","institution":"Ville de Lille","titre":"Disponibilité des vélo en temps réel ","is_public":"true","is_free":"true","is_on_web":"true","data_loc":"https:\/\/opendata.lillemetropole.fr\/explore\/dataset\/vlille-realtime\/information\/","is_machine_readabled":"true","is_easy_dowloaded":"true","is_open_licenced":"true","is_updated":"false"}