{"id":"lillehorairesthoriquesdestransportspublics","ville":"Lille","departement":"Nord","categorie":"Horaires théoriques des transports publics","is_exist":"true","institution":"Ville de Lille","titre":"Localisation des arrêts de la société de transports en commun ilévia et horaire théorique","is_public":"true","is_free":"true","is_on_web":"true","data_loc":"https:\/\/transport.data.gouv.fr\/datasets\/localisation-des-arrets-ilevia-bus-metro-et-tram-gtfs-pictogrammes-du-reseau-ilevia\/","is_machine_readabled":"true","is_easy_dowloaded":"true","is_open_licenced":"true","is_updated":"true"}