{"id":"lillechantiersencourssurlespacepublic","ville":"Lille","departement":"Nord","categorie":"Chantiers en cours sur l'espace public","is_exist":"true","institution":"Ville de Lille","titre":"Tronçons de voirie impactés par des travaux","is_public":"true","is_free":"true","is_on_web":"true","data_loc":"https:\/\/opendata.lillemetropole.fr\/explore\/dataset\/troncons-de-voirie-impactes-par-des-travaux-en-temps-reel\/table\/?flg=fr","is_machine_readabled":"true","is_easy_dowloaded":"true","is_open_licenced":"true","is_updated":"true"}