{"id":"limogesautorisationdinstallationdtalagesetdeterrasses","ville":"Limoges","departement":"Haute-Vienne","categorie":"Autorisation d'installation d'étalages et de terrasses","is_exist":"true","institution":"Ville de Limoges","titre":"Demande d'autorisation du domaine public pour l'exploitation d'une terrasse en plein air","is_public":"false","is_free":"false","is_on_web":"false","data_loc":"https:\/\/www.limoges.fr\/fr\/pratique-mes-demarches\/demande-dautorisation-du-domaine-public-pour-lexploitation-dune-terrasse-de","is_machine_readabled":"false","is_easy_dowloaded":"true","is_open_licenced":"false","is_updated":"true"}