{"id":"limogesanomaliessignalesparlescitoyenssurlavoiepublique","ville":"Limoges","departement":"Haute-Vienne","categorie":"Anomalies signalées par les citoyens sur la voie publique","is_exist":"true","institution":"Ville de Limoges","titre":"Tell My City","is_public":"false","is_free":"false","is_on_web":"false","data_loc":"https:\/\/www.limoges.fr\/fr\/pratique-mes-demarches\/tell-my-city-outil-de-signalement","is_machine_readabled":"false","is_easy_dowloaded":"false","is_open_licenced":"false","is_updated":"false"}