{"id":"limogesevnementsculturelsconcertsfêtes","ville":"Limoges","departement":"Haute-Vienne","categorie":"\"Evénements culturels (concerts, fêtes, …) \"","is_exist":"true","institution":"Ville de Limoges","titre":"Les événements culturels de Limoges","is_public":"true","is_free":"true","is_on_web":"true","data_loc":"https:\/\/www.limoges.fr\/fr\/dynamique\/les-grands-evenements-culturels","is_machine_readabled":"false","is_easy_dowloaded":"false","is_open_licenced":"false","is_updated":"true"}