{"id":"limogeshorairesthoriquesdestransportspublics","ville":"Limoges","departement":"Haute-Vienne","categorie":"Horaires théoriques des transports publics","is_exist":"true","institution":"Nouvelle-Aquitaine mobilités","titre":"Liste des arrêts, des horaires et des parcours théoriques du réseau de transport urbain de Limoges Métropole (TCL)","is_public":"true","is_free":"true","is_on_web":"true","data_loc":"https:\/\/transport.data.gouv.fr\/datasets\/arrets-horaires-et-parcours-theoriques-des-reseaux-naq-lim-nva-m\/","is_machine_readabled":"true","is_easy_dowloaded":"true","is_open_licenced":"true","is_updated":"true"}