{"id":"lyonlocalisationdesespacesverts","ville":"Lyon","departement":"Métropole de Lyon","categorie":"Localisation des espaces verts ","is_exist":"true","institution":"Services de la Ville de Lyon","titre":"Parcs et Jardins de la commune de Lyon","is_public":"true","is_free":"true","is_on_web":"true","data_loc":"https:\/\/data.grandlyon.com\/jeux-de-donnees\/parcs-jardins-commune-lyon-v1-0-0\/donnees","is_machine_readabled":"true","is_easy_dowloaded":"true","is_open_licenced":"true","is_updated":"true"}