{"id":"lyonmarchspublics","ville":"Lyon","departement":"Métropole de Lyon","categorie":"Marchés publics","is_exist":"true","institution":"Métropole de Lyon Délégation Ressources \/ Direction des Affaires juridiques et de la commande publique \/ Service Commande publique ","titre":"Marché public de la Métropole de Lyon ","is_public":"false","is_free":"true","is_on_web":"true","data_loc":"https:\/\/data.grandlyon.com\/jeux-de-donnees\/marche-public-metropole-lyon\/info","is_machine_readabled":"true","is_easy_dowloaded":"false","is_open_licenced":"true","is_updated":"false"}