{"id":"lyonchantiersencourssurlespacepublic","ville":"Lyon","departement":"Métropole de Lyon","categorie":"Chantiers en cours sur l'espace public","is_exist":"true","institution":"Métropole de Lyon Délégation Développement urbain et cadre de vie \/ Direction Voirie, végétal, nettoiement \/ Service Patrimoine voirie ","titre":"Chantiers perturbants de la Métropole de Lyon ","is_public":"true","is_free":"true","is_on_web":"true","data_loc":"https:\/\/data.grandlyon.com\/jeux-de-donnees\/chantiers-perturbants-metropole-lyon\/donnees","is_machine_readabled":"false","is_easy_dowloaded":"false","is_open_licenced":"true","is_updated":"true"}