{"id":"lyonbudget","ville":"Lyon","departement":"Métropole de Lyon","categorie":"Budget","is_exist":"true","institution":"Métropole de Lyon Délégation Ressources - Direction des Finances","titre":"Comptes de gestion de la Métropole de Lyon et de toutes les communes du territoire","is_public":"true","is_free":"true","is_on_web":"true","data_loc":"https:\/\/data.grandlyon.com\/jeux-de-donnees\/comptes-gestion-metropole-lyon-communes-metropole-lyon\/info","is_machine_readabled":"true","is_easy_dowloaded":"false","is_open_licenced":"true","is_updated":"false"}