{"id":"lyonlocalisationdesarbres","ville":"Lyon","departement":"Métropole de Lyon","categorie":"Localisation des arbres","is_exist":"true","institution":"Métropole de Lyon - Délégation Développement urbain et cadre de vie \/ Direction Voirie, végétal, nettoiement \/ Service Patrimoine voirie ","titre":"Arbres d'alignement de la Métropole de Lyon ","is_public":"true","is_free":"true","is_on_web":"true","data_loc":"https:\/\/data.grandlyon.com\/jeux-de-donnees\/arbres-alignement-metropole-lyon\/donnees","is_machine_readabled":"true","is_easy_dowloaded":"true","is_open_licenced":"true","is_updated":"true"}