{"id":"lyonhorairesthoriquesdestransportspublics","ville":"Lyon","departement":"Métropole de Lyon","categorie":"Horaires théoriques des transports publics","is_exist":"true","institution":"Métropole de Lyon","titre":"Offre du réseau TCL : les horaires de l’ensemble des lignes commerciales","is_public":"true","is_free":"true","is_on_web":"true","data_loc":"https:\/\/www.data.gouv.fr\/fr\/datasets\/horaires-theoriques-du-reseau-transports-en-commun-lyonnais-1\/","is_machine_readabled":"true","is_easy_dowloaded":"false","is_open_licenced":"true","is_updated":"true"}