{"id":"marseilleautorisationdinstallationdtalagesetdeterrasses","ville":"Marseille","departement":"Bouches-du-Rhône","categorie":"Autorisation d'installation d'étalages et de terrasses","is_exist":"true","institution":"Ville de Marseille","titre":"Autorisation terrasse contre façade","is_public":"false","is_free":"false","is_on_web":"false","data_loc":"https:\/\/eservices.marseille.fr\/sites\/e-services\/files\/contenu\/pdf\/Commerce\/autorisation_terrasse_contre_facade.pdf","is_machine_readabled":"false","is_easy_dowloaded":"false","is_open_licenced":"false","is_updated":"false"}