{"id":"marseilleanomaliessignalesparlescitoyenssurlavoiepublique","ville":"Marseille","departement":"Bouches-du-Rhône","categorie":"Anomalies signalées par les citoyens sur la voie publique","is_exist":"true","institution":"Allo Mairie Marseille","titre":"Numéro permettant de signaler des anomalies","is_public":"false","is_free":"false","is_on_web":"false","data_loc":"http:\/\/mairie.marseille.fr\/services-de-proximité\/allô-mairie","is_machine_readabled":"false","is_easy_dowloaded":"false","is_open_licenced":"false","is_updated":"false"}