{"id":"marseillehorairestempsreldestransportspublics","ville":"Marseille","departement":"Bouches-du-Rhône","categorie":"Horaires temps réel des transports publics","is_exist":"true","institution":"RTM","titre":"La Régie des transports métropolitains est un opérateur de transports en commun de La Métropole Mobilité. Elle exploite les réseaux de Marseille.","is_public":"true","is_free":"true","is_on_web":"true","data_loc":"https:\/\/www.rtm.fr\/horaires","is_machine_readabled":"false","is_easy_dowloaded":"false","is_open_licenced":"false","is_updated":"true"}