{"id":"metzchantiersencourssurlespacepublic","ville":"Metz","departement":"Moselle","categorie":"Chantiers en cours sur l'espace public","is_exist":"true","institution":"Mets Métropole","titre":"Les projets en cours : Aménagement, renaturation, travaux d'entretien...","is_public":"false","is_free":"false","is_on_web":"false","data_loc":"https:\/\/www.metzmetropole.fr\/valoriser-preserver\/eau-et-assainissement\/gemapi\/les-projets-en-cours-2450.html","is_machine_readabled":"false","is_easy_dowloaded":"false","is_open_licenced":"false","is_updated":"false"}