{"id":"metzanomaliessignalesparlescitoyenssurlavoiepublique","ville":"Metz","departement":"Moselle","categorie":"Anomalies signalées par les citoyens sur la voie publique","is_exist":"true","institution":"Ville de Metz","titre":"Application mobile de la ville de Metz","is_public":"false","is_free":"false","is_on_web":"false","data_loc":"https:\/\/metz.fr\/demarches\/signaler_anomalie.php","is_machine_readabled":"false","is_easy_dowloaded":"false","is_open_licenced":"false","is_updated":"false"}