{"id":"metzhorairesthoriquesdestransportspublics","ville":"Metz","departement":"Moselle","categorie":"Horaires théoriques des transports publics","is_exist":"true","institution":"Metz Métropole","titre":"Données de transport public de la métropole de Metz","is_public":"true","is_free":"true","is_on_web":"true","data_loc":"https:\/\/transport.data.gouv.fr\/datasets\/transport-donnees-gtfs\/","is_machine_readabled":"true","is_easy_dowloaded":"true","is_open_licenced":"false","is_updated":"false"}