{"id":"metzautorisationsdurbanismes","ville":"Metz","departement":"Moselle","categorie":"Autorisations d'urbanismes","is_exist":"true","institution":"Mets Métropole","titre":"Formulaires certifiés nécessaires à toute demande d'instruction d'urbanisme","is_public":"false","is_free":"false","is_on_web":"false","data_loc":"https:\/\/www.metzmetropole.fr\/habiter-se-deplacer\/construire\/formulaires-certifies-178.html","is_machine_readabled":"false","is_easy_dowloaded":"false","is_open_licenced":"false","is_updated":"false"}