{"id":"metzlocalisationdesespacesverts","ville":"Metz","departement":"Moselle","categorie":"Localisation des espaces verts ","is_exist":"true","institution":"Metz Métropole","titre":"Plans Locaux d'Urbanisme - Espaces boisés classés","is_public":"true","is_free":"true","is_on_web":"true","data_loc":"https:\/\/www.data.gouv.fr\/fr\/datasets\/plans-locaux-durbanisme-espaces-boises-classes\/","is_machine_readabled":"true","is_easy_dowloaded":"true","is_open_licenced":"true","is_updated":"false"}