{"id":"metzautorisationdinstallationdtalagesetdeterrasses","ville":"Metz","departement":"Moselle","categorie":"Autorisation d'installation d'étalages et de terrasses","is_exist":"true","institution":"Mets Métropole","titre":"Extrait du registre des délibération du bureau - Tarifs","is_public":"true","is_free":"true","is_on_web":"true","data_loc":"https:\/\/www.metzmetropole.fr\/fileadmin\/user_upload\/mediatheque_metropole\/bureaux_metropolitains\/2018\/20181203B\/B_031218_P15.pdf","is_machine_readabled":"false","is_easy_dowloaded":"false","is_open_licenced":"false","is_updated":"true"}