{"id":"montpellierhorairestempsreldestransportspublics","ville":"Montpellier","departement":"Hérault","categorie":"Horaires temps réel des transports publics","is_exist":"true","institution":"Montpellier Méditerranée Métropole","titre":"Cette donnée renseigne en temps réel l'offre de transport TAM, délégataire de service public des transports en commun de la Métropole de Montpellier","is_public":"true","is_free":"true","is_on_web":"true","data_loc":"http:\/\/data.montpellier3m.fr\/dataset\/offre-de-transport-tam-en-temps-reel","is_machine_readabled":"true","is_easy_dowloaded":"true","is_open_licenced":"true","is_updated":"true"}