{"id":"montreuilautorisationdinstallationdtalagesetdeterrasses","ville":"Montreuil","departement":"Seine-Saint-Denis","categorie":"Autorisation d'installation d'étalages et de terrasses","is_exist":"true","institution":"Ville de Montreuil","titre":"Étalage-Terrasse","is_public":"false","is_free":"false","is_on_web":"false","data_loc":"https:\/\/www.montreuil.fr\/fileadmin\/user_upload\/03_Demarches\/05_Urbanisme_Logement\/DDE-ODP-ETALAGE-TERRASSE.pdf","is_machine_readabled":"false","is_easy_dowloaded":"false","is_open_licenced":"false","is_updated":"false"}