{"id":"montreuilmenudescantinesscolaires","ville":"Montreuil","departement":"Seine-Saint-Denis","categorie":"Menu des cantines scolaires","is_exist":"true","institution":"Ville de Montreuil","titre":"Menus de la restauration scolaire de Montreuil","is_public":"true","is_free":"true","is_on_web":"true","data_loc":"https:\/\/www.montreuil.fr\/education-jeunesse\/les-enfants-3-12-ans\/la-restauration-scolaire-cantines","is_machine_readabled":"false","is_easy_dowloaded":"false","is_open_licenced":"false","is_updated":"true"}