{"id":"montpellierlocalisationdesespacesverts","ville":"Montpellier","departement":"Hérault","categorie":"Localisation des espaces verts ","is_exist":"true","institution":"Montpellier Mediterranée Métropole","titre":"Espaces verts de Montpellier","is_public":"true","is_free":"true","is_on_web":"true","data_loc":"https:\/\/data.montpellier3m.fr\/dataset\/parcs-et-jardins-surface-de-montpellier","is_machine_readabled":"true","is_easy_dowloaded":"true","is_open_licenced":"true","is_updated":"true"}