{"id":"montreuilevnementsculturelsconcertsfêtes","ville":"Montreuil","departement":"Seine-Saint-Denis","categorie":"\"Evénements culturels (concerts, fêtes, …) \"","is_exist":"true","institution":"Ville de Montreuil","titre":"Sortir à Montreuil","is_public":"true","is_free":"true","is_on_web":"true","data_loc":"https:\/\/data.montreuil.fr\/explore\/dataset\/evenements-publics-openagenda\/table\/?disjunctive.tags&disjunctive.placename&disjunctive.city","is_machine_readabled":"true","is_easy_dowloaded":"true","is_open_licenced":"true","is_updated":"true"}