{"id":"montreuillocalisationdesarbres","ville":"Montreuil","departement":"Seine-Saint-Denis","categorie":"Localisation des arbres","is_exist":"true","institution":"Ville de Montreuil","titre":"Arbres de la voirie communale ","is_public":"true","is_free":"true","is_on_web":"true","data_loc":"https:\/\/data.montreuil.fr\/explore\/dataset\/arbres-voirie-communale\/table\/?disjunctive.nom_vernaculaire","is_machine_readabled":"true","is_easy_dowloaded":"true","is_open_licenced":"true","is_updated":"true"}