{"id":"montreuilhorairesthoriquesdestransportspublics","ville":"Montreuil","departement":"Seine-Saint-Denis","categorie":"Horaires théoriques des transports publics","is_exist":"true","institution":"Île-de-France Mobilités ","titre":"Ensemble de données décrivant l'offre de transports en commun pour l’ensemble des lignes d’Ile-de-France ","is_public":"true","is_free":"true","is_on_web":"true","data_loc":"https:\/\/transport.data.gouv.fr\/datasets\/horaires-prevus-sur-les-lignes-de-transport-en-commun-dile-de-france-gtfs\/","is_machine_readabled":"true","is_easy_dowloaded":"true","is_open_licenced":"true","is_updated":"true"}