{"id":"montreuillistedesprnoms","ville":"Montreuil","departement":"Seine-Saint-Denis","categorie":"Liste des prénoms","is_exist":"true","institution":"Ville de Montreuil","titre":"Liste des prénoms donnés dans la ville de Montreuil","is_public":"true","is_free":"true","is_on_web":"true","data_loc":"https:\/\/data.montreuil.fr\/explore\/dataset\/prenoms-1945-2018\/table\/?disjunctive.prenom&sort=occurences","is_machine_readabled":"true","is_easy_dowloaded":"true","is_open_licenced":"true","is_updated":"true"}