{"id":"montreuillocalisationdesespacesverts","ville":"Montreuil","departement":"Seine-Saint-Denis","categorie":"Localisation des espaces verts ","is_exist":"true","institution":"Ville de Montreuil","titre":"Montreuil est notre jardin","is_public":"true","is_free":"true","is_on_web":"true","data_loc":"https:\/\/data.montreuil.fr\/explore\/dataset\/montreuil-est-notre-jardin\/export\/?disjunctive.categorie","is_machine_readabled":"true","is_easy_dowloaded":"true","is_open_licenced":"true","is_updated":"true"}