{"id":"montreuilpistescyclables","ville":"Montreuil","departement":"Seine-Saint-Denis","categorie":"Pistes cyclables","is_exist":"true","institution":"Ville de Montreuil","titre":"Plan des pistes cyclables de Montreuil","is_public":"true","is_free":"true","is_on_web":"true","data_loc":"https:\/\/www.montreuil.fr\/fileadmin\/user_upload\/01_La_ville\/10_Venir_et_se_deplacer\/plan-velo-2018.pdf","is_machine_readabled":"false","is_easy_dowloaded":"false","is_open_licenced":"false","is_updated":"true"}