{"id":"montreuildisponibilitdesvlosenlibreservice","ville":"Montreuil","departement":"Seine-Saint-Denis","categorie":"Disponibilité des vélos en libre service","is_exist":"true","institution":"Autolib Velib Métropole","titre":"Vélib' - Disponibilité temps réel à Montreuil ","is_public":"true","is_free":"true","is_on_web":"true","data_loc":"https:\/\/data.montreuil.fr\/explore\/dataset\/velib-disponibilite-temps-reel\/table\/","is_machine_readabled":"true","is_easy_dowloaded":"true","is_open_licenced":"true","is_updated":"false"}