{"id":"montpellierautorisationsdurbanismes","ville":"Montpellier","departement":"Hérault","categorie":"Autorisations d'urbanismes","is_exist":"true","institution":"Montpellier Méditerranée Métropole","titre":"Permis de construire de la ville de Montpellier","is_public":"true","is_free":"true","is_on_web":"true","data_loc":"https:\/\/data.laregion.fr\/explore\/dataset\/permis-de-construire-de-montpellier\/information\/","is_machine_readabled":"true","is_easy_dowloaded":"true","is_open_licenced":"true","is_updated":"true"}