{"id":"montpellierchantiersencourssurlespacepublic","ville":"Montpellier","departement":"Hérault","categorie":"Chantiers en cours sur l'espace public","is_exist":"true","institution":"Montpellier Mediterranée Métropole","titre":"Chantiers gênants de Montpellier","is_public":"true","is_free":"true","is_on_web":"true","data_loc":"https:\/\/data.montpellier3m.fr\/dataset\/chantiers-genants-de-montpellier","is_machine_readabled":"true","is_easy_dowloaded":"true","is_open_licenced":"true","is_updated":"true"}