{"id":"montreuilanomaliessignalesparlescitoyenssurlavoiepublique","ville":"Montreuil","departement":"Seine-Saint-Denis","categorie":"Anomalies signalées par les citoyens sur la voie publique","is_exist":"true","institution":"Ville de Montreuil","titre":"Sesam - Anomalies signalées ","is_public":"true","is_free":"true","is_on_web":"true","data_loc":"https:\/\/data.montreuil.fr\/explore\/dataset\/sesam-liste-des-signalements\/table\/?disjunctive.categorie","is_machine_readabled":"true","is_easy_dowloaded":"true","is_open_licenced":"true","is_updated":"true"}