{"id":"montpellierdisponibilitdesvlosenlibreservice","ville":"Montpellier","departement":"Hérault","categorie":"Disponibilité des vélos en libre service","is_exist":"true","institution":"Montpellier Mediterranée Métropole","titre":"Disponibilité des places Vélomagg en temps réel","is_public":"true","is_free":"true","is_on_web":"true","data_loc":"https:\/\/data.montpellier3m.fr\/dataset\/disponibilite-des-places-velomagg-en-temps-reel","is_machine_readabled":"true","is_easy_dowloaded":"true","is_open_licenced":"true","is_updated":"true"}