{"id":"montpelliersubventionsauxassociations","ville":"Montpellier","departement":"Hérault","categorie":"Subventions aux associations","is_exist":"true","institution":"\t Montpellier Méditerranée Métropole","titre":"Attribution des subventions aux associations de la Ville Montpellier et de la Métropole de Montpellier","is_public":"true","is_free":"true","is_on_web":"true","data_loc":"https:\/\/data.montpellier3m.fr\/dataset\/attribution-des-subventions-aux-associations-de-la-ville-montpellier-et-de-la-metropole-de","is_machine_readabled":"true","is_easy_dowloaded":"true","is_open_licenced":"true","is_updated":"true"}