{"id":"montreuilsubventionsauxassociations","ville":"Montreuil","departement":"Seine-Saint-Denis","categorie":"Subventions aux associations","is_exist":"true","institution":"Ville de Montreuil","titre":"Subventions versées en 2018","is_public":"true","is_free":"true","is_on_web":"true","data_loc":"https:\/\/data.montreuil.fr\/explore\/dataset\/subventions-aux-associations-versees-en-2018\/information\/?disjunctive.thematique&disjunctive.type","is_machine_readabled":"true","is_easy_dowloaded":"true","is_open_licenced":"true","is_updated":"true"}