{"id":"mulhouseanomaliessignalesparlescitoyenssurlavoiepublique","ville":"Mulhouse","departement":"Haut-Rhin","categorie":"Anomalies signalées par les citoyens sur la voie publique","is_exist":"true","institution":"Allo Proximité","titre":"Allo Proximité Mulhouse","is_public":"false","is_free":"false","is_on_web":"false","data_loc":"https:\/\/www.mulhouse.fr\/ma-ville\/proximite\/allo-proximite\/","is_machine_readabled":"false","is_easy_dowloaded":"false","is_open_licenced":"false","is_updated":"false"}