{"id":"mulhousehorairesthoriquesdestransportspublics","ville":"Mulhouse","departement":"Haut-Rhin","categorie":"Horaires théoriques des transports publics","is_exist":"true","institution":"Soléa","titre":"Offre de Transport Soléa et Tram-Train sur l'agglomération Mulhousienne","is_public":"true","is_free":"true","is_on_web":"true","data_loc":"https:\/\/data.mulhouse-alsace.fr\/explore\/dataset\/offre-de-transport-solea-et-tram-train-en-format-gtfs\/information\/","is_machine_readabled":"true","is_easy_dowloaded":"true","is_open_licenced":"false","is_updated":"false"}