{"id":"mulhouselocalisationdesarbres","ville":"Mulhouse","departement":"Haut-Rhin","categorie":"Localisation des arbres","is_exist":"true","institution":"Mulhouse Alsace Agglomération","titre":"Caractéristiques des arbres d'alignements gérés par la Ville de Mulhouse ","is_public":"true","is_free":"true","is_on_web":"true","data_loc":"https:\/\/www.data.gouv.fr\/fr\/datasets\/caracteristiques-des-arbres-dalignements-geres-par-la-ville-de-mulhouse\/","is_machine_readabled":"true","is_easy_dowloaded":"true","is_open_licenced":"true","is_updated":"true"}