{"id":"mulhouseautorisationdinstallationdtalagesetdeterrasses","ville":"Mulhouse","departement":"Haut-Rhin","categorie":"Autorisation d'installation d'étalages et de terrasses","is_exist":"true","institution":"Ville de Mulhouse","titre":"Charte terrasse","is_public":"false","is_free":"false","is_on_web":"false","data_loc":"https:\/\/www.mulhouse.fr\/wp-content\/uploads\/2018\/11\/Guide-pratique-terrasse.pdf","is_machine_readabled":"false","is_easy_dowloaded":"false","is_open_licenced":"false","is_updated":"false"}