{"id":"mulhouselistedesprnoms","ville":"Mulhouse","departement":"Haut-Rhin","categorie":"Liste des prénoms","is_exist":"true","institution":"Ville de Mulhouse","titre":"Prénoms des nouveaux-nés depuis 1960 à Mulhouse","is_public":"true","is_free":"true","is_on_web":"true","data_loc":"https:\/\/data.mulhouse-alsace.fr\/explore\/dataset\/68224_prenoms-des-nouveaux-nes-a-mulhouse_depuis1960\/table\/","is_machine_readabled":"true","is_easy_dowloaded":"true","is_open_licenced":"true","is_updated":"true"}