{"id":"mulhousedisponibilitdesvlosenlibreservice","ville":"Mulhouse","departement":"Haut-Rhin","categorie":"Disponibilité des vélos en libre service","is_exist":"true","institution":"Mulhouse Alsace Agglomération","titre":"Stations VéloCité JCDecaux - Mulhouse","is_public":"true","is_free":"true","is_on_web":"true","data_loc":"https:\/\/www.data.gouv.fr\/fr\/datasets\/stations-velocite-jcdecaux-mulhouse\/","is_machine_readabled":"true","is_easy_dowloaded":"true","is_open_licenced":"true","is_updated":"true"}