{"id":"mulhousemarchspublics","ville":"Mulhouse","departement":"Haut-Rhin","categorie":"Marchés publics","is_exist":"true","institution":"La Centrale des Marchés","titre":"Des attributions présentes sur le site de la centrale des marchés (centraledesmarches.com)","is_public":"true","is_free":"true","is_on_web":"true","data_loc":"https:\/\/centraledesmarches.com\/marches-publics\/liste-avancee?rem_localite=29815&rem_rayon=5&nb=50&sort=date_publication+desc&rem_date_to_date%5Bfrom%5D=2000-01-01&rem_type=avancee&ville=68100-mulhouse&page=1&rem_sem_id=4&rem_sem_label=Avis+d%27attribution&rem_rmc_id=1&rem_pru_id_externe=opendata_service_public__mairie-68224-01&rem_pru_raison_sociale_organisme=Mairie+de+Mulhouse","is_machine_readabled":"false","is_easy_dowloaded":"false","is_open_licenced":"false","is_updated":"true"}