{"id":"nancyhorairesthoriquesdestransportspublics","ville":"Nancy","departement":"Meurthe-et-Moselle","categorie":"Horaires théoriques des transports publics","is_exist":"true","institution":"Métropole du Grand Nancy","titre":"Liste des arrêts, des horaires et des parcours théoriques du réseau de transport interurbain de Syndicat Mixte des Transports Suburbains de Nancy","is_public":"true","is_free":"true","is_on_web":"true","data_loc":"https:\/\/transport.data.gouv.fr\/datasets\/horaires-theoriques-du-reseau-sub-syndicat-mixte-des-transports-suburbains-de-nancy-gtfs\/","is_machine_readabled":"true","is_easy_dowloaded":"true","is_open_licenced":"false","is_updated":"false"}