{"id":"nancyautorisationsdurbanismes","ville":"Nancy","departement":"Meurthe-et-Moselle","categorie":"Autorisations d'urbanismes","is_exist":"true","institution":"Ville de Nancy","titre":"Présentation des différents permis à remplir dans le cadre d'une autorisation d'urbanisme","is_public":"false","is_free":"false","is_on_web":"false","data_loc":"https:\/\/www.nancy.fr\/fileadmin\/user_upload\/cahier-05-permis-construire-autres-fomalites.pdf","is_machine_readabled":"false","is_easy_dowloaded":"false","is_open_licenced":"false","is_updated":"false"}