{"id":"nancylocalisationdesespacesverts","ville":"Nancy","departement":"Meurthe-et-Moselle","categorie":"Localisation des espaces verts ","is_exist":"true","institution":"Métropole du Grand Nancy","titre":"Parcs et Jardins de la ville de Nancy","is_public":"true","is_free":"true","is_on_web":"true","data_loc":"http:\/\/opendata.grandnancy.eu\/jeux-de-donnees\/detail-dune-fiche-de-donnees\/?tx_icsoddatastore_pi1%5Bkeywords%5D=parc&tx_icsoddatastore_pi1%5Buid%5D=74&tx_icsoddatastore_pi1%5BreturnID%5D=447","is_machine_readabled":"true","is_easy_dowloaded":"true","is_open_licenced":"true","is_updated":"false"}