{"id":"nancymarchspublics","ville":"Nancy","departement":"Meurthe-et-Moselle","categorie":"Marchés publics","is_exist":"true","institution":"Centrale des Marchés","titre":"Marchés publics de la ville de Nancy","is_public":"true","is_free":"true","is_on_web":"true","data_loc":"https:\/\/centraledesmarches.com\/marches-publics\/liste-avancee?rem_localite=22249&rem_rayon=5&nb=50&sort=date_publication+desc&rem_date_to_date%5Bfrom%5D=2000-01-01&rem_type=avancee&ville=54000-nancy&page=1&rem_sem_id=4&rem_sem_label=Avis+d%27attribution","is_machine_readabled":"false","is_easy_dowloaded":"false","is_open_licenced":"false","is_updated":"true"}