{"id":"nancylocalisationdesarbres","ville":"Nancy","departement":"Meurthe-et-Moselle","categorie":"Localisation des arbres","is_exist":"true","institution":"Métropole du Grand Nancy","titre":"Restitution topo 3D de 2008, fichier complexe","is_public":"true","is_free":"true","is_on_web":"true","data_loc":"http:\/\/opendata.grandnancy.eu\/jeux-de-donnees\/rechercher-un-jeu-de-donnees\/?no_cache=1","is_machine_readabled":"true","is_easy_dowloaded":"true","is_open_licenced":"true","is_updated":"false"}