{"id":"nancyautorisationdinstallationdtalagesetdeterrasses","ville":"Nancy","departement":"Meurthe-et-Moselle","categorie":"Autorisation d'installation d'étalages et de terrasses","is_exist":"true","institution":"Ville de Nancy","titre":"Formulaire de demandes d'autorisations d'installation de terrasses","is_public":"false","is_free":"false","is_on_web":"false","data_loc":"https:\/\/demarches.nancy.fr\/accueil-commerce-entreprise\/demande-de-terrasse-initiale-ou-renouvellement\/","is_machine_readabled":"false","is_easy_dowloaded":"false","is_open_licenced":"false","is_updated":"false"}