{"id":"nancypistescyclables","ville":"Nancy","departement":"Meurthe-et-Moselle","categorie":"Pistes cyclables","is_exist":"true","institution":"Métropole du Grand Nancy","titre":"Pistes cyclables","is_public":"true","is_free":"true","is_on_web":"true","data_loc":"http:\/\/opendata.grandnancy.eu\/jeux-de-donnees\/detail-dune-fiche-de-donnees\/?tx_icsoddatastore_pi1%5Bpage%5D=3&tx_icsoddatastore_pi1%5Buid%5D=62&tx_icsoddatastore_pi1%5BreturnID%5D=447","is_machine_readabled":"true","is_easy_dowloaded":"true","is_open_licenced":"true","is_updated":"true"}