{"id":"nancysubventionsauxassociations","ville":"Nancy","departement":"Meurthe-et-Moselle","categorie":"Subventions aux associations","is_exist":"true","institution":"Département de Meurthe-et-Moselle","titre":"Subventions versées aux associations","is_public":"true","is_free":"true","is_on_web":"true","data_loc":"http:\/\/meurthe-et-moselle.fr\/departement\/lacc%C3%A8s-aux-documents-administratifs\/subventions-vers%C3%A9es-aux-associations","is_machine_readabled":"false","is_easy_dowloaded":"false","is_open_licenced":"false","is_updated":"true"}