{"id":"nantessubventionsauxassociations","ville":"Nantes","departement":"Loire-Atlantique","categorie":"Subventions aux associations","is_exist":"true","institution":"Métropole de Nantes","titre":"Subventions versées aux associations en 2018 par la Ville de Nantes","is_public":"true","is_free":"true","is_on_web":"true","data_loc":"https:\/\/data.nantesmetropole.fr\/explore\/dataset\/244400404_subventions-associations-2018-nantes\/table\/?disjunctive.section&sort=idbeneficiaire","is_machine_readabled":"true","is_easy_dowloaded":"true","is_open_licenced":"true","is_updated":"true"}