{"id":"nantesbudget","ville":"Nantes","departement":"Loire-Atlantique","categorie":"Budget","is_exist":"true","institution":"Nantes Métropole","titre":"Budget primitif du budget principal de Nantes Métropole","is_public":"true","is_free":"true","is_on_web":"true","data_loc":"https:\/\/data.nantesmetropole.fr\/explore\/dataset\/244400404_budget-primitif-bp-2020-nantes-metropole\/table\/?disjunctive.d_r&disjunctive.i_f&disjunctive.libelle_chapitre&disjunctive.libelle_ss_fonction&disjunctive.libelle_article","is_machine_readabled":"true","is_easy_dowloaded":"true","is_open_licenced":"true","is_updated":"true"}