{"id":"nanteshorairestempsreldestransportspublics","ville":"Nantes","departement":"Loire-Atlantique","categorie":"Horaires temps réel des transports publics","is_exist":"true","institution":"Data Nantes Métropole","titre":"API temps réel TAN (Société d'économie mixte des transports en commun de l'agglomération nantaise)","is_public":"true","is_free":"true","is_on_web":"true","data_loc":"https:\/\/data.nantesmetropole.fr\/explore\/dataset\/244400404_api-temps-reel-tan\/information\/","is_machine_readabled":"true","is_easy_dowloaded":"true","is_open_licenced":"true","is_updated":"true"}