{"id":"nanteshorairesthoriquesdestransportspublics","ville":"Nantes","departement":"Loire-Atlantique","categorie":"Horaires théoriques des transports publics","is_exist":"true","institution":"Nantes Métropole","titre":"Arrêts, horaires et parcours de tous les bus et tramways de la SEMITAN circulant sur le territoire de Nantes Métropole","is_public":"true","is_free":"true","is_on_web":"true","data_loc":"https:\/\/transport.data.gouv.fr\/datasets\/tan-arrets-horaires-et-circuits\/","is_machine_readabled":"false","is_easy_dowloaded":"false","is_open_licenced":"true","is_updated":"true"}