{"id":"nantesautorisationsdurbanismes","ville":"Nantes","departement":"Loire-Atlantique","categorie":"Autorisations d'urbanismes","is_exist":"true","institution":"Nantes Métropole","titre":"Recherche  par mots clés sur les sites open data et les sites de la métropole de Nantes","is_public":"false","is_free":"false","is_on_web":"false","data_loc":"https:\/\/metropole.nantes.fr\/services\/logement-urbanisme","is_machine_readabled":"false","is_easy_dowloaded":"false","is_open_licenced":"false","is_updated":"false"}