{"id":"nantesmarchspublics","ville":"Nantes","departement":"Loire-Atlantique","categorie":"Marchés publics","is_exist":"true","institution":"Nantes Métropole","titre":"Marchés publics conclus en 2014 par les mandataires de Nantes Métropole ","is_public":"true","is_free":"true","is_on_web":"true","data_loc":"https:\/\/data.nantesmetropole.fr\/explore\/dataset\/244400404_marches-publics-conclus-2018-nantes\/table\/?disjunctive.type&disjunctive.tranche","is_machine_readabled":"true","is_easy_dowloaded":"true","is_open_licenced":"true","is_updated":"true"}