{"id":"nanteslistedesprnoms","ville":"Nantes","departement":"Loire-Atlantique","categorie":"Liste des prénoms","is_exist":"true","institution":"Ville de Nantes","titre":"Prénoms des enfants nés à Nantes","is_public":"true","is_free":"true","is_on_web":"true","data_loc":"https:\/\/data.nantesmetropole.fr\/explore\/dataset\/244400404_prenoms-enfants-nes-nantes\/table\/?disjunctive.prenom&disjunctive.sexe","is_machine_readabled":"true","is_easy_dowloaded":"true","is_open_licenced":"true","is_updated":"true"}