{"id":"nanteslocalisationdesarbres","ville":"Nantes","departement":"Loire-Atlantique","categorie":"Localisation des arbres","is_exist":"true","institution":"Ville de Nantes","titre":"Patrimoine arboré de la Ville de Nantes","is_public":"true","is_free":"true","is_on_web":"true","data_loc":"https:\/\/data.nantesmetropole.fr\/explore\/dataset\/244400404_patrimoine-arbore-nantes\/table\/?disjunctive.type_espace&disjunctive.site&disjunctive.genre&disjunctive.espece&disjunctive.sous_espece&disjunctive.variete&disjunctive.cultivar&disjunctive.allergene&disjunctive.hauteur_totale&disjunctive.hauteur_moy_fut&disjunctive.forme_actuelle&disjunctive.arbre_remarquable&disjunctive.espace_boise_classe","is_machine_readabled":"true","is_easy_dowloaded":"true","is_open_licenced":"true","is_updated":"false"}