{"id":"nantesanomaliessignalesparlescitoyenssurlavoiepublique","ville":"Nantes","departement":"Loire-Atlantique","categorie":"Anomalies signalées par les citoyens sur la voie publique","is_exist":"true","institution":"Place au vélo","titre":"Demander, signaler, un aménagement","is_public":"false","is_free":"false","is_on_web":"false","data_loc":"https:\/\/placeauvelo-nantes.fr\/demander-signaler-amenagementen\/","is_machine_readabled":"false","is_easy_dowloaded":"false","is_open_licenced":"false","is_updated":"false"}