{"id":"nantesevnementsculturelsconcertsfêtes","ville":"Nantes","departement":"Loire-Atlantique","categorie":"\"Evénements culturels (concerts, fêtes, …) \"","is_exist":"true","institution":"Nantes Métropole","titre":"Agenda des événements","is_public":"true","is_free":"true","is_on_web":"true","data_loc":"https:\/\/data.nantesmetropole.fr\/explore\/dataset\/244400404_agenda-evenements-nantes-nantes-metropole\/table\/?disjunctive.emetteur&disjunctive.rubrique&disjunctive.lieu&disjunctive.ville","is_machine_readabled":"true","is_easy_dowloaded":"true","is_open_licenced":"true","is_updated":"true"}