{"id":"nantesautorisationdinstallationdtalagesetdeterrasses","ville":"Nantes","departement":"Loire-Atlantique","categorie":"Autorisation d'installation d'étalages et de terrasses","is_exist":"true","institution":"Ville de Nantes","titre":"Terrasses commerciales sur l’espace public","is_public":"false","is_free":"false","is_on_web":"false","data_loc":"https:\/\/www.nantes.fr\/files\/PDF\/Guides-pratiques\/reglementation-terrasses-commerciales-espace-public-2010.pdf","is_machine_readabled":"false","is_easy_dowloaded":"false","is_open_licenced":"false","is_updated":"false"}