{"id":"niceautorisationsdurbanismes","ville":"Nice","departement":"Alpes-Maritimes","categorie":"Autorisations d'urbanismes","is_exist":"true","institution":"Nice Commerces","titre":"Autorisation d'urbanisme et permis de construire","is_public":"true","is_free":"true","is_on_web":"true","data_loc":"https:\/\/nicecommerces.fr\/fr\/themes\/amenager-son-commerce\/articles\/autorisation-d-urbanisme-et-permis-de-construire","is_machine_readabled":"false","is_easy_dowloaded":"false","is_open_licenced":"true","is_updated":"true"}