{"id":"nicedisponibilitdesvlosenlibreservice","ville":"Nice","departement":"Alpes-Maritimes","categorie":"Disponibilité des vélos en libre service","is_exist":"true","institution":"Direction Adjointe Prospective et Mobilité","titre":"artographie des stations Vélobleu ","is_public":"true","is_free":"true","is_on_web":"true","data_loc":"http:\/\/opendata.nicecotedazur.org\/data\/dataset\/cartographie-des-stations-velobleu","is_machine_readabled":"true","is_easy_dowloaded":"true","is_open_licenced":"true","is_updated":"true"}