{"id":"nicehorairestempsreldestransportspublics","ville":"Nice","departement":"Alpes-Maritimes","categorie":"Horaires temps réel des transports publics","is_exist":"true","institution":"Métropole Nice Côte d'Azur","titre":"Horaires en temps réel des transport en commun dans la ville de Nice","is_public":"true","is_free":"true","is_on_web":"true","data_loc":"https:\/\/www.lignesdazur.com\/fr\/horaires\/23","is_machine_readabled":"true","is_easy_dowloaded":"false","is_open_licenced":"true","is_updated":"true"}