{"id":"niceevnementsculturelsconcertsfêtes","ville":"Nice","departement":"Alpes-Maritimes","categorie":"\"Evénements culturels (concerts, fêtes, …) \"","is_exist":"true","institution":"Office de Tourisme et des Congrès de Nice","titre":"Liste des événements publics","is_public":"true","is_free":"true","is_on_web":"true","data_loc":"http:\/\/opendata.nicecotedazur.org\/data\/dataset\/liste-des-evenements-publics-recenses-par-l-office-du-tourisme","is_machine_readabled":"true","is_easy_dowloaded":"true","is_open_licenced":"true","is_updated":"true"}