{"id":"niceanomaliessignalesparlescitoyenssurlavoiepublique","ville":"Nice","departement":"Alpes-Maritimes","categorie":"Anomalies signalées par les citoyens sur la voie publique","is_exist":"true","institution":"Allo Mairie","titre":"Lien vers l'application Allo Mairie","is_public":"true","is_free":"true","is_on_web":"true","data_loc":"https:\/\/www.nice.fr\/fr\/actualites\/allo-mairie-evolue\/mairie?type=articles","is_machine_readabled":"false","is_easy_dowloaded":"false","is_open_licenced":"true","is_updated":"true"}