{"id":"niceautorisationdinstallationdtalagesetdeterrasses","ville":"Nice","departement":"Alpes-Maritimes","categorie":"Autorisation d'installation d'étalages et de terrasses","is_exist":"true","institution":"Ville de Nice","titre":"Demande d'autorisation de terrasse ","is_public":"false","is_free":"false","is_on_web":"false","data_loc":"https:\/\/www.nice.fr\/uploads\/media\/default\/0001\/18\/FORMULAIRE-demande-d-autorisation-de-terrasse-ou-d-eventaire-2019.pdf","is_machine_readabled":"false","is_easy_dowloaded":"false","is_open_licenced":"false","is_updated":"false"}