{"id":"nmeshorairesthoriquesdestransportspublics","ville":"Nîmes","departement":"Gard","categorie":"Horaires théoriques des transports publics","is_exist":"true","institution":"Métropole de Nîmes","titre":"Liste des arrêts, horaires et parcours du réseau Tango","is_public":"true","is_free":"true","is_on_web":"true","data_loc":"https:\/\/transport.data.gouv.fr\/datasets\/offre-de-transport-du-reseau-tango-de-nimes-metropole-gtfs\/","is_machine_readabled":"true","is_easy_dowloaded":"true","is_open_licenced":"true","is_updated":"true"}