{"id":"nmesautorisationdinstallationdtalagesetdeterrasses","ville":"Nîmes","departement":"Gard","categorie":"Autorisation d'installation d'étalages et de terrasses","is_exist":"true","institution":"Ville de Nîmes","titre":"Demande d'arrêté municipal Occupation temporaire du domaine public - voirie","is_public":"false","is_free":"false","is_on_web":"false","data_loc":"https:\/\/www.nimes.fr\/index.php?id=3486","is_machine_readabled":"false","is_easy_dowloaded":"false","is_open_licenced":"false","is_updated":"false"}