{"id":"nmesanomaliessignalesparlescitoyenssurlavoiepublique","ville":"Nîmes","departement":"Gard","categorie":"Anomalies signalées par les citoyens sur la voie publique","is_exist":"true","institution":"Métropole de Nîmes","titre":"TellMyCity","is_public":"false","is_free":"false","is_on_web":"false","data_loc":"https:\/\/www.nimes-metropole.fr\/quotidien\/numerique\/outils-collaboratifs-agglo-forum-et-tellmycity\/tellmycity.html","is_machine_readabled":"false","is_easy_dowloaded":"false","is_open_licenced":"false","is_updated":"true"}