{"id":"orlansautorisationdinstallationdtalagesetdeterrasses","ville":"Orléans","departement":"Loiret","categorie":"Autorisation d'installation d'étalages et de terrasses","is_exist":"true","institution":"Ville d'Orléans","titre":"Autorisation d'aménagement terrasse","is_public":"false","is_free":"false","is_on_web":"false","data_loc":"http:\/\/www.orleans-metropole.fr\/fileadmin\/orleans\/MEDIA\/document\/commerce\/cafes-restaurants-terrasses\/Dde-autorisation-terrasse-etalage-distributeur_01.pdf","is_machine_readabled":"false","is_easy_dowloaded":"false","is_open_licenced":"false","is_updated":"false"}