{"id":"orlanslocalisationdesespacesverts","ville":"Orléans","departement":"Loiret","categorie":"Localisation des espaces verts ","is_exist":"true","institution":"Orléans Métropole","titre":"Espaces verts - Mobilier et aménagement - Ville d'Orléans","is_public":"true","is_free":"true","is_on_web":"true","data_loc":"https:\/\/data.orleans-metropole.fr\/explore\/dataset\/espaces-verts-voirie\/information\/?location=12,47.87575,1.90942&basemap=jawg.streets","is_machine_readabled":"true","is_easy_dowloaded":"true","is_open_licenced":"true","is_updated":"true"}