{"id":"orlansdisponibilitdesvlosenlibreservice","ville":"Orléans","departement":"Loiret","categorie":"Disponibilité des vélos en libre service","is_exist":"true","institution":"Keolis","titre":"Parcs Relais vélos sécurisés TAO (2018) - Orléans Métropole ","is_public":"true","is_free":"true","is_on_web":"true","data_loc":"https:\/\/data.orleans-metropole.fr\/explore\/dataset\/parcs-relais-velos-securises-tao-2018-orleans-metropole\/table\/","is_machine_readabled":"true","is_easy_dowloaded":"true","is_open_licenced":"true","is_updated":"true"}