{"id":"orlansanomaliessignalesparlescitoyenssurlavoiepublique","ville":"Orléans","departement":"Loiret","categorie":"Anomalies signalées par les citoyens sur la voie publique","is_exist":"true","institution":"Orléans Métropole","titre":"Signaler un problème de voirie dégradée","is_public":"false","is_free":"false","is_on_web":"false","data_loc":"http:\/\/www.orleans-metropole.fr\/513\/voirie-degradee.htm","is_machine_readabled":"false","is_easy_dowloaded":"false","is_open_licenced":"false","is_updated":"false"}