{"id":"parisbudget","ville":"Paris","departement":"Paris","categorie":"Budget","is_exist":"true","institution":"Direction des Finances et des Achats - Ville de Paris","titre":"Budget général de la collectivité parisienne 2019","is_public":"true","is_free":"true","is_on_web":"true","data_loc":"https:\/\/opendata.paris.fr\/explore\/dataset\/budgets-votes-principaux-a-partir-de-2019-m57-ville-departement\/table\/?disjunctive.groupe_d_autorisation_i_f&disjunctive.sens_depense_recette&disjunctive.type_d_operation_r_o_i_m&disjunctive.etape_budgetaire&disjunctive.chapitre_niveau_vote_cle_non_composee&disjunctive.nature_reglementaire_cle_non_composee&disjunctive.nature_reglementaire_texte&disjunctive.rubrique_reglementaire_cle&disjunctive.rubrique_reglementaire_texte","is_machine_readabled":"true","is_easy_dowloaded":"true","is_open_licenced":"true","is_updated":"true"}