{"id":"parisevnementsculturelsconcertsfêtes","ville":"Paris","departement":"Paris","categorie":"\"Evénements culturels (concerts, fêtes, …) \"","is_exist":"true","institution":"Ville de Paris","titre":"   Que Faire à Paris ? - Evènements et activités","is_public":"true","is_free":"true","is_on_web":"true","data_loc":"https:\/\/opendata.paris.fr\/explore\/dataset\/que-faire-a-paris-\/information\/?disjunctive.category&disjunctive.tags&disjunctive.address_zipcode&disjunctive.address_city&disjunctive.access_type&disjunctive.price_type","is_machine_readabled":"true","is_easy_dowloaded":"true","is_open_licenced":"true","is_updated":"true"}