{"id":"parischantiersencourssurlespacepublic","ville":"Paris","departement":"Paris","categorie":"Chantiers en cours sur l'espace public","is_exist":"true","institution":"Direction de la Voirie et des Déplacements - Ville de Paris","titre":"Chantiers perturbants pour la circulation","is_public":"true","is_free":"true","is_on_web":"true","data_loc":"https:\/\/opendata.paris.fr\/explore\/dataset\/chantiers-perturbants\/table\/?disjunctive.cp_arrondissement&disjunctive.maitre_ouvrage&disjunctive.objet&disjunctive.impact_circulation&disjunctive.niveau_perturbation&disjunctive.statut","is_machine_readabled":"true","is_easy_dowloaded":"true","is_open_licenced":"true","is_updated":"true"}