{"id":"parissubventionsauxassociations","ville":"Paris","departement":"Paris","categorie":"Subventions aux associations","is_exist":"true","institution":"Ville de Paris","titre":"Subventions aux associations accordées ou non","is_public":"true","is_free":"true","is_on_web":"true","data_loc":"https:\/\/opendata.paris.fr\/explore\/dataset\/subventions-accordees-et-refusees\/information\/?disjunctive.collectivite&disjunctive.nom_beneficiaire&disjunctive.direction&disjunctive.secteurs_d_activites_definies_par_l_association","is_machine_readabled":"true","is_easy_dowloaded":"true","is_open_licenced":"true","is_updated":"true"}