{"id":"parishorairesthoriquesdestransportspublics","ville":"Paris","departement":"Paris","categorie":"Horaires théoriques des transports publics","is_exist":"true","institution":"Île-de-France Mobilités ","titre":"Ensemble des lignes de transport en commun d’Ile-de-France (OPTILE RATP et SNCF)","is_public":"true","is_free":"true","is_on_web":"true","data_loc":"https:\/\/transport.data.gouv.fr\/datasets\/horaires-prevus-sur-les-lignes-de-transport-en-commun-dile-de-france-gtfs\/","is_machine_readabled":"true","is_easy_dowloaded":"true","is_open_licenced":"true","is_updated":"true"}