{"id":"parisdisponibilitdesvlosenlibreservice","ville":"Paris","departement":"Paris","categorie":"Disponibilité des vélos en libre service","is_exist":"true","institution":"Autolib Velib Métropole","titre":"Vélib' - Disponibilité temps réel ","is_public":"true","is_free":"true","is_on_web":"true","data_loc":"https:\/\/opendata.paris.fr\/explore\/dataset\/velib-disponibilite-en-temps-reel\/table\/","is_machine_readabled":"true","is_easy_dowloaded":"true","is_open_licenced":"true","is_updated":"true"}