{"id":"parismarchspublics","ville":"Paris","departement":"Paris","categorie":"Marchés publics","is_exist":"true","institution":"Direction des Finances et des Achats - Ville de Paris","titre":"Liste des marchés de la collectivité parisienne","is_public":"true","is_free":"true","is_on_web":"true","data_loc":"https:\/\/opendata.paris.fr\/explore\/dataset\/liste-des-marches-de-la-collectivite-parisienne\/table\/?disjunctive.nature_du_marche&disjunctive.fournisseur_nom&disjunctive.fournisseur_code_postal&disjunctive.fournisseur_ville&disjunctive.perimetre_financier&disjunctive.article_cmp&disjunctive.categorie_d_achat_cle&disjunctive.categorie_d_achat_texte","is_machine_readabled":"true","is_easy_dowloaded":"true","is_open_licenced":"true","is_updated":"true"}