{"id":"parisautorisationsdurbanismes","ville":"Paris","departement":"Paris","categorie":"Autorisations d'urbanismes","is_exist":"true","institution":"Direction de l'Urbanisme - Ville de Paris","titre":"Autorisations d'Urbanisme - Historique ","is_public":"true","is_free":"true","is_on_web":"true","data_loc":"https:\/\/opendata.paris.fr\/explore\/dataset\/autorisations-durbanisme-h\/table\/?disjunctive.type_dossier&disjunctive.arrondissement&disjunctive.description_travaux&disjunctive.mois_decision&disjunctive.decision_autorite","is_machine_readabled":"true","is_easy_dowloaded":"true","is_open_licenced":"true","is_updated":"true"}