{"id":"parislocalisationdesarbres","ville":"Paris","departement":"Paris","categorie":"Localisation des arbres","is_exist":"true","institution":"Direction des Espaces Verts et de l'Environnement - Ville de Paris","titre":"Les arbres - Localisation géographique de l’ensemble des arbres, et arbres d’alignement","is_public":"true","is_free":"true","is_on_web":"true","data_loc":"https:\/\/opendata.paris.fr\/explore\/dataset\/les-arbres\/table\/","is_machine_readabled":"true","is_easy_dowloaded":"true","is_open_licenced":"true","is_updated":"true"}