{"id":"parispistescyclables","ville":"Paris","departement":"Paris","categorie":"Pistes cyclables","is_exist":"true","institution":"Direction de la Voirie et des Déplacements - Ville de Paris","titre":"Réseau des itinéraires cyclables","is_public":"true","is_free":"true","is_on_web":"true","data_loc":"https:\/\/opendata.paris.fr\/explore\/dataset\/reseau-cyclable\/information\/?disjunctive.typologie_simple&disjunctive.bidirectionnel&disjunctive.statut&disjunctive.sens_velo&disjunctive.voie&disjunctive.arrdt&disjunctive.bois&disjunctive.position&disjunctive.circulation&disjunctive.piste&disjunctive.couloir_bus&disjunctive.type_continuite&disjunctive.reseau","is_machine_readabled":"true","is_easy_dowloaded":"true","is_open_licenced":"true","is_updated":"true"}