{"id":"parisanomaliessignalesparlescitoyenssurlavoiepublique","ville":"Paris","departement":"Paris","categorie":"Anomalies signalées par les citoyens sur la voie publique","is_exist":"true","institution":"Mairie de Paris","titre":"Dans Ma Rue - Anomalies signalées ","is_public":"true","is_free":"true","is_on_web":"true","data_loc":"https:\/\/www.data.gouv.fr\/fr\/datasets\/dans-ma-rue-anomalies-signalees\/","is_machine_readabled":"true","is_easy_dowloaded":"true","is_open_licenced":"true","is_updated":"false"}