{"id":"parismenudescantinesscolaires","ville":"Paris","departement":"Paris","categorie":"Menu des cantines scolaires","is_exist":"true","institution":"Ville de Paris 7ème arrondissement","titre":"Menus 10 - 21 février 2020 - 4 compo.pdf","is_public":"true","is_free":"true","is_on_web":"true","data_loc":"https:\/\/www.mairie07.paris.fr\/mes-demarches\/parents-du-7e\/restauration-scolaire\/menus-des-cantines-120#menus-des-ecoles_1","is_machine_readabled":"false","is_easy_dowloaded":"false","is_open_licenced":"false","is_updated":"true"}