{"id":"perpignanhorairesthoriquesdestransportspublics","ville":"Perpignan","departement":"Pyrénées-Orientales","categorie":"Horaires théoriques des transports publics","is_exist":"true","institution":"Perpignan Méditerranée Métropole","titre":"Liste des horaires et arrêts du réseau Sankéo","is_public":"true","is_free":"true","is_on_web":"true","data_loc":"https:\/\/transport.data.gouv.fr\/datasets\/offre-de-transport-du-reseau-sankeo-de-perpignan-mediterranee-metropole-gtfs\/","is_machine_readabled":"true","is_easy_dowloaded":"true","is_open_licenced":"true","is_updated":"true"}