{"id":"perpignanautorisationdinstallationdtalagesetdeterrasses","ville":"Perpignan","departement":"Pyrénées-Orientales","categorie":"Autorisation d'installation d'étalages et de terrasses","is_exist":"true","institution":"Ville de Perpignan","titre":"Autorisations d'aménagements suivant les droits des sols","is_public":"false","is_free":"false","is_on_web":"false","data_loc":"https:\/\/www.mairie-perpignan.fr\/fr\/demarches\/urbanisme-amenagement-habitat\/droit-sols","is_machine_readabled":"false","is_easy_dowloaded":"false","is_open_licenced":"false","is_updated":"false"}