{"id":"perpignansubventionsauxassociations","ville":"Perpignan","departement":"Pyrénées-Orientales","categorie":"Subventions aux associations","is_exist":"true","institution":"Ville de Perpignan","titre":"Seulement les dossiers de demande de subvention","is_public":"false","is_free":"false","is_on_web":"false","data_loc":"https:\/\/www.mairie-perpignan.fr\/fr\/cadre-vie\/espace-associations\/dossier-subvention","is_machine_readabled":"false","is_easy_dowloaded":"false","is_open_licenced":"false","is_updated":"false"}