{"id":"perpignananomaliessignalesparlescitoyenssurlavoiepublique","ville":"Perpignan","departement":"Pyrénées-Orientales","categorie":"Anomalies signalées par les citoyens sur la voie publique","is_exist":"true","institution":"Ville de Perpignan","titre":"Signalement d'anomalies sur la voie publique","is_public":"false","is_free":"false","is_on_web":"false","data_loc":"https:\/\/www.mairie-perpignan.fr\/fr\/applications-smartphone","is_machine_readabled":"false","is_easy_dowloaded":"false","is_open_licenced":"false","is_updated":"false"}