{"id":"perpignanautorisationsdurbanismes","ville":"Perpignan","departement":"Pyrénées-Orientales","categorie":"Autorisations d'urbanismes","is_exist":"true","institution":"Ville de Perpignan","titre":"Autorisations d'urbanismes","is_public":"false","is_free":"false","is_on_web":"false","data_loc":"https:\/\/www.mairie-perpignan.fr\/fr\/demarches\/urbanisme-amenagement-habitat\/autorisation-durbanisme","is_machine_readabled":"false","is_easy_dowloaded":"false","is_open_licenced":"false","is_updated":"false"}