{"id":"reimsanomaliessignalesparlescitoyenssurlavoiepublique","ville":"Reims","departement":"Marne","categorie":"Anomalies signalées par les citoyens sur la voie publique","is_exist":"true","institution":"Ville de Reims","titre":"L'application mobile de la Ville de Reims","is_public":"false","is_free":"false","is_on_web":"false","data_loc":"https:\/\/www.reims.fr\/l-application-mobile-de-la-ville-de-reims-8512.html","is_machine_readabled":"false","is_easy_dowloaded":"false","is_open_licenced":"false","is_updated":"false"}