{"id":"reimsdisponibilitdesvlosenlibreservice","ville":"Reims","departement":"Marne","categorie":"Disponibilité des vélos en libre service","is_exist":"true","institution":"Ville de Reims","titre":"ZébullO, offre de vélo en libre-service","is_public":"false","is_free":"false","is_on_web":"false","data_loc":"https:\/\/www.reims.fr\/qualite-de-vie-environnement\/stationnement-et-deplacements\/zebullo-offre-de-velo-en-libre-service-4646.html","is_machine_readabled":"false","is_easy_dowloaded":"false","is_open_licenced":"false","is_updated":"false"}