{"id":"reimslocalisationdesarbres","ville":"Reims","departement":"Marne","categorie":"Localisation des arbres","is_exist":"true","institution":"Office National des Forêts ","titre":"Recherche  par mots clés sur les sites open data et les sites de la métropole de Reims","is_public":"true","is_free":"true","is_on_web":"true","data_loc":"http:\/\/www1.onf.fr\/activites_nature\/++oid++5620\/@@display_leisure.html","is_machine_readabled":"false","is_easy_dowloaded":"false","is_open_licenced":"false","is_updated":"false"}