{"id":"reimsautorisationdinstallationdtalagesetdeterrasses","ville":"Reims","departement":"Marne","categorie":"Autorisation d'installation d'étalages et de terrasses","is_exist":"true","institution":"Ville de Reims","titre":"Charte des terrasses","is_public":"false","is_free":"false","is_on_web":"false","data_loc":"https:\/\/www.reims.fr\/economie-emplois\/commerce-et-artisanat\/occupation-du-domaine-public\/charte-des-terrasses-8418.html","is_machine_readabled":"false","is_easy_dowloaded":"false","is_open_licenced":"false","is_updated":"true"}