{"id":"reimshorairesthoriquesdestransportspublics","ville":"Reims","departement":"Marne","categorie":"Horaires théoriques des transports publics","is_exist":"true","institution":"Communauté Urbaine du Grand Reims","titre":"Liste des arrêts, des horaires et des parcours théoriques du réseau de transport interurbain de Communauté Urbaine du Grand Reims (Fluo Grand Est)","is_public":"true","is_free":"true","is_on_web":"true","data_loc":"https:\/\/transport.data.gouv.fr\/datasets\/horaires-theoriques-du-reseau-citura-communaute-urbaine-du-grand-reims-gtfs\/","is_machine_readabled":"false","is_easy_dowloaded":"false","is_open_licenced":"true","is_updated":"true"}