{"id":"reimspistescyclables","ville":"Reims","departement":"Marne","categorie":"Pistes cyclables","is_exist":"true","institution":"Ville de Reims","titre":"Reims à Vélo","is_public":"true","is_free":"true","is_on_web":"true","data_loc":"https:\/\/www.reims.fr\/fileadmin\/reims\/MEDIA\/Qualite_Vie_Environnement\/Stationnement_et_mobilite\/Mobilites\/Carte_A2-RM-Reims-a-velo-recto-impression_web.pdf","is_machine_readabled":"false","is_easy_dowloaded":"false","is_open_licenced":"false","is_updated":"false"}