{"id":"reimssubventionsauxassociations","ville":"Reims","departement":"Marne","categorie":"Subventions aux associations","is_exist":"true","institution":"Ville de Reims","titre":"Les subventions et autres aides","is_public":"true","is_free":"true","is_on_web":"true","data_loc":"https:\/\/www.reims.fr\/solidarite-sante-seniors\/reims-ville-solidaire\/la-maison-de-la-vie-associative\/les-subventions-et-autres-aides-6468.html","is_machine_readabled":"false","is_easy_dowloaded":"false","is_open_licenced":"false","is_updated":"false"}