{"id":"rennessubventionsauxassociations","ville":"Rennes","departement":"Ille-et-Vilaine","categorie":"Subventions aux associations","is_exist":"true","institution":"Ville de Rennes","titre":"BP 2019 - Ville de Rennes - Subventions aux associations","is_public":"true","is_free":"true","is_on_web":"true","data_loc":"https:\/\/data.rennesmetropole.fr\/explore\/dataset\/bp-2019-ville-de-rennes-subventions-aux-associations\/information\/","is_machine_readabled":"true","is_easy_dowloaded":"true","is_open_licenced":"true","is_updated":"true"}