{"id":"rennesautorisationdinstallationdtalagesetdeterrasses","ville":"Rennes","departement":"Ille-et-Vilaine","categorie":"Autorisation d'installation d'étalages et de terrasses","is_exist":"true","institution":"Rennes Métropole","titre":"Guide des Terrasses","is_public":"false","is_free":"false","is_on_web":"false","data_loc":"https:\/\/metropole.rennes.fr\/sites\/default\/files\/VP-documents\/GuideTerrasse-A4-Web%20%282%29.pdf","is_machine_readabled":"false","is_easy_dowloaded":"false","is_open_licenced":"false","is_updated":"false"}