{"id":"rennesautorisationsdurbanismes","ville":"Rennes","departement":"Ille-et-Vilaine","categorie":"Autorisations d'urbanismes","is_exist":"true","institution":"Rennes Métropole","titre":"Construction, démolition...les démarches d'urbanisme","is_public":"false","is_free":"false","is_on_web":"false","data_loc":"https:\/\/metropole.rennes.fr\/construction-demolitionles-demarches-durbanisme","is_machine_readabled":"false","is_easy_dowloaded":"false","is_open_licenced":"false","is_updated":"false"}