{"id":"renneschantiersencourssurlespacepublic","ville":"Rennes","departement":"Ille-et-Vilaine","categorie":"Chantiers en cours sur l'espace public","is_exist":"true","institution":"Rennes Métropole","titre":"Recherche  par mots clés sur les sites open data et les sites de la métropole de Rennes","is_public":"true","is_free":"true","is_on_web":"true","data_loc":"https:\/\/data.rennesmetropole.fr\/explore\/dataset\/api-travaux-rennes-metropole\/information\/","is_machine_readabled":"false","is_easy_dowloaded":"false","is_open_licenced":"false","is_updated":"false"}