{"id":"rennesmarchspublics","ville":"Rennes","departement":"Ille-et-Vilaine","categorie":"Marchés publics","is_exist":"true","institution":"La Centrale des Marchés","titre":"Avis d'attribution des marchés publics de la commune","is_public":"false","is_free":"false","is_on_web":"false","data_loc":"https:\/\/centraledesmarches.com\/marches-publics\/liste-avancee?rem_pru_id_externe=opendata_service_public__epci-35238-01&rem_date_to_date%5Bfrom%5D=2000-01-01&nb=50&sort=date_publication+desc&rem_type=avancee&raison_sociale=intercommunalite-rennes---metropole&pru_id_ext=opendata_service_public__epci-35238-01&page=1&rem_sem_id=4&rem_sem_label=Avis+d%27attribution","is_machine_readabled":"false","is_easy_dowloaded":"false","is_open_licenced":"false","is_updated":"false"}