{"id":"renneslocalisationdesarbres","ville":"Rennes","departement":"Ille-et-Vilaine","categorie":"Localisation des arbres","is_exist":"true","institution":"Rennes Métropole","titre":"Arbres d'alignement en accompagnement de voirie sur la ville de Rennes","is_public":"true","is_free":"true","is_on_web":"true","data_loc":"https:\/\/data.rennesmetropole.fr\/explore\/dataset\/arbres-d-alignement-rennes\/table\/","is_machine_readabled":"true","is_easy_dowloaded":"true","is_open_licenced":"true","is_updated":"false"}