{"id":"rennesanomaliessignalesparlescitoyenssurlavoiepublique","ville":"Rennes","departement":"Ille-et-Vilaine","categorie":"Anomalies signalées par les citoyens sur la voie publique","is_exist":"true","institution":"Rennes Métropole","titre":"e-démarche Rennes","is_public":"false","is_free":"false","is_on_web":"false","data_loc":"https:\/\/e-demarches.rennes.fr\/Rennes\/workflow_url?ECITIZ_ACTIVITY_PATH=Demandeur&USAGER_PROCESS=SADP","is_machine_readabled":"false","is_easy_dowloaded":"false","is_open_licenced":"false","is_updated":"false"}