{"id":"rennesdisponibilitdesvlosenlibreservice","ville":"Rennes","departement":"Ille-et-Vilaine","categorie":"Disponibilité des vélos en libre service","is_exist":"true","institution":"Rennes Métropole","titre":"Etat des stations de vélos en libre-service en temps réel","is_public":"true","is_free":"true","is_on_web":"true","data_loc":"https:\/\/data.rennesmetropole.fr\/explore\/dataset\/etat-des-stations-le-velo-star-en-temps-reel\/information\/","is_machine_readabled":"true","is_easy_dowloaded":"true","is_open_licenced":"true","is_updated":"true"}