{"id":"rouenpistescyclables","ville":"Rouen","departement":"Seine-Maritime","categorie":"Pistes cyclables","is_exist":"true","institution":"Vélo Rouen","titre":"Aménagements cyclables de la commune (les informations proviennent de la Direction du Développement Durable et Direction des Espaces Publics et Naturels de Rouen)","is_public":"true","is_free":"true","is_on_web":"true","data_loc":"https:\/\/velo.rouen.fr\/","is_machine_readabled":"false","is_easy_dowloaded":"false","is_open_licenced":"false","is_updated":"false"}