{"id":"rouenlocalisationdesarbres","ville":"Rouen","departement":"Seine-Maritime","categorie":"Localisation des arbres","is_exist":"true","institution":"Ville de Rouen","titre":"Patrimoine arboré","is_public":"true","is_free":"true","is_on_web":"true","data_loc":"https:\/\/www.metropole-rouen-normandie.fr\/sites\/default\/files\/documents\/plu_approuve\/2018-11\/Rouen-76540\/\/760540_R5.pdf","is_machine_readabled":"false","is_easy_dowloaded":"false","is_open_licenced":"false","is_updated":"true"}