{"id":"rouenlistedesprnoms","ville":"Rouen","departement":"Seine-Maritime","categorie":"Liste des prénoms","is_exist":"true","institution":"Archives départementales de Seine-Maritime : ville de Rouen","titre":"Archives départementales de Seine-Maritime","is_public":"true","is_free":"true","is_on_web":"true","data_loc":"http:\/\/recherche.archivesdepartementales76.net\/?go_thesaurus=&thesaurus_opened=&node_start=&start=&open_thes=&close_thes=&select_thes=&unselect_thes=&label_v2_geogname=Commune&form_search_v2_geogname=%22Rouen%22&form_req_v2_geogname=%7B%3Ageogname%7D__VAL_&form_search_unitdate=&form_search_unitdate2=&label_unitdate=P%C3%A9riode&label_unitdate_pref=entre&label_unitdate2=et&btn_valid=Rechercher&action=search&id=recherche_guidee_etat_civil","is_machine_readabled":"false","is_easy_dowloaded":"false","is_open_licenced":"false","is_updated":"true"}