{"id":"rouenhorairestempsreldestransportspublics","ville":"Rouen","departement":"Seine-Maritime","categorie":"Horaires temps réel des transports publics","is_exist":"true","institution":"Appli mobile Astuce","titre":"Horaires en temps réel du réseau Astuce de la ville de Rouen","is_public":"false","is_free":"false","is_on_web":"false","data_loc":"https:\/\/www.reseau-astuce.fr\/fr\/applis-mobile-astuce\/9","is_machine_readabled":"false","is_easy_dowloaded":"false","is_open_licenced":"false","is_updated":"false"}