{"id":"rouenhorairesthoriquesdestransportspublics","ville":"Rouen","departement":"Seine-Maritime","categorie":"Horaires théoriques des transports publics","is_exist":"true","institution":"Métropole Rouen Normandie","titre":"Liste des arrêts, horaires, et parcours du réseau Astuce","is_public":"true","is_free":"true","is_on_web":"true","data_loc":"https:\/\/transport.data.gouv.fr\/datasets\/horaires-theoriques-du-reseau-astuce-metropole-de-rouen-gtfs\/","is_machine_readabled":"true","is_easy_dowloaded":"true","is_open_licenced":"true","is_updated":"true"}