{"id":"rouenevnementsculturelsconcertsfêtes","ville":"Rouen","departement":"Seine-Maritime","categorie":"\"Evénements culturels (concerts, fêtes, …) \"","is_exist":"true","institution":"Métropole Rouen Normandie","titre":"Agenda des événements de la métropole de Rouen","is_public":"true","is_free":"true","is_on_web":"true","data_loc":"https:\/\/openagenda.com\/rouen-normandie-metropole?lang=fr","is_machine_readabled":"true","is_easy_dowloaded":"true","is_open_licenced":"true","is_updated":"true"}