{"id":"rouenautorisationdinstallationdtalagesetdeterrasses","ville":"Rouen","departement":"Seine-Maritime","categorie":"Autorisation d'installation d'étalages et de terrasses","is_exist":"true","institution":"Ville de Rouen","titre":"Demande terrasse et étalage ","is_public":"false","is_free":"false","is_on_web":"false","data_loc":"https:\/\/rouen.fr\/sites\/default\/files\/legacy\/demande_terrasse_etalage_chevalet_2015.pdf","is_machine_readabled":"false","is_easy_dowloaded":"false","is_open_licenced":"false","is_updated":"false"}