{"id":"saintpaulevnementsculturelsconcertsfêtes","ville":"Saint-Paul","departement":"La Réunion","categorie":"\"Evénements culturels (concerts, fêtes, …) \"","is_exist":"true","institution":"Mairie de Saint-Paul","titre":"Recherche  par mots clés sur les sites open data et les sites de la métropole de Saint Paul","is_public":"true","is_free":"true","is_on_web":"true","data_loc":"https:\/\/www.mairie-saintpaul.re\/evenements\/","is_machine_readabled":"true","is_easy_dowloaded":"false","is_open_licenced":"true","is_updated":"true"}