{"id":"saintdenis93evnementsculturelsconcertsfêtes","ville":"Saint-Denis (93)","departement":"Seine-Saint-Denis","categorie":"\"Evénements culturels (concerts, fêtes, …) \"","is_exist":"true","institution":"Ville Saint Denis","titre":"Les grands rendez-vous culturels","is_public":"true","is_free":"true","is_on_web":"true","data_loc":"http:\/\/ville-saint-denis.fr\/les-grands-rendez-vous-culturels","is_machine_readabled":"false","is_easy_dowloaded":"false","is_open_licenced":"false","is_updated":"true"}