{"id":"saintétiennehorairestempsreldestransportspublics","ville":"Saint-Étienne","departement":"Loire","categorie":"Horaires temps réel des transports publics","is_exist":"true","institution":"Métropole de Saint-Etienne","titre":"Site web des transports urbains de Saint-Étienne Métropole","is_public":"true","is_free":"true","is_on_web":"true","data_loc":"https:\/\/www.reseau-stas.fr\/fr\/horaires\/23","is_machine_readabled":"false","is_easy_dowloaded":"false","is_open_licenced":"false","is_updated":"true"}