{"id":"saintétiennedisponibilitdesvlosenlibreservice","ville":"Saint-Étienne","departement":"Loire","categorie":"Disponibilité des vélos en libre service","is_exist":"true","institution":"Ville de Saint-Etienne","titre":"Données temps réels sur les véliverts (vélo en libre service) de Saint-Etienne Métropole","is_public":"true","is_free":"true","is_on_web":"true","data_loc":"https:\/\/www.data.gouv.fr\/fr\/datasets\/donnees-temps-reels-sur-les-veliverts-velo-en-libre-service-de-saint-etienne-metropole\/","is_machine_readabled":"true","is_easy_dowloaded":"true","is_open_licenced":"true","is_updated":"false"}