{"id":"saintdenis93subventionsauxassociations","ville":"Saint-Denis (93)","departement":"Seine-Saint-Denis","categorie":"Subventions aux associations","is_exist":"true","institution":"Ville Saint Denis","titre":"Subventions aux associations","is_public":"false","is_free":"false","is_on_web":"false","data_loc":"https:\/\/ressources.seinesaintdenis.fr\/Demandes-de-subventions-2019-dans-le-cadre-des-Contrats-de-Ville","is_machine_readabled":"false","is_easy_dowloaded":"false","is_open_licenced":"false","is_updated":"false"}