{"id":"saintétiennelocalisationdesespacesverts","ville":"Saint-Étienne","departement":"Loire","categorie":"Localisation des espaces verts ","is_exist":"true","institution":"Ville de Saint-Etienne","titre":"Les parcs et jardins stéphanois","is_public":"true","is_free":"true","is_on_web":"true","data_loc":"https:\/\/www.saint-etienne.fr\/d%C3%A9couvrir-sortir\/ville-nature-ville-fleurie\/parcs-jardins-st%C3%A9phanois","is_machine_readabled":"false","is_easy_dowloaded":"false","is_open_licenced":"false","is_updated":"false"}