{"id":"saintétienneautorisationdinstallationdtalagesetdeterrasses","ville":"Saint-Étienne","departement":"Loire","categorie":"Autorisation d'installation d'étalages et de terrasses","is_exist":"true","institution":"Ville de Saint-Etienne","titre":"Autorisation d'occupation du domaine public pour travaux","is_public":"false","is_free":"false","is_on_web":"false","data_loc":"https:\/\/connect.saint-etienne.fr\/demarche\/115\/4","is_machine_readabled":"false","is_easy_dowloaded":"false","is_open_licenced":"false","is_updated":"false"}