{"id":"saintdenis93budget","ville":"Saint-Denis (93)","departement":"Seine-Saint-Denis","categorie":"Budget","is_exist":"true","institution":"Seine Saint-Denis Le Département","titre":"Budget de fonctionnement du département","is_public":"true","is_free":"true","is_on_web":"true","data_loc":"https:\/\/data.seine-saint-denis.fr\/Visualisation-Budget-de-fonctionnement-du-Departement-pour-l-annee-2015.html","is_machine_readabled":"true","is_easy_dowloaded":"true","is_open_licenced":"true","is_updated":"false"}