{"id":"saintétiennehorairesthoriquesdestransportspublics","ville":"Saint-Étienne","departement":"Loire","categorie":"Horaires théoriques des transports publics","is_exist":"true","institution":"Métropole de Saint-Etienne","titre":"Liste des lignes, horaires, arrêts du réseau de transport stéphanois (STAS)","is_public":"true","is_free":"true","is_on_web":"true","data_loc":"https:\/\/www.data.gouv.fr\/fr\/datasets\/donnees-horaires-theoriques-gtfs-du-reseau-de-transport-de-la-metropole-de-saint-etienne-stas\/","is_machine_readabled":"true","is_easy_dowloaded":"true","is_open_licenced":"true","is_updated":"true"}