{"id":"saintdenis93localisationdesespacesverts","ville":"Saint-Denis (93)","departement":"Seine-Saint-Denis","categorie":"Localisation des espaces verts ","is_exist":"true","institution":"Ville Saint Denis","titre":"Espaces verts publics de la ville de Seine Saint-Denis ","is_public":"true","is_free":"true","is_on_web":"true","data_loc":"https:\/\/data.seine-saint-denis.fr\/Espaces-verts-publics.html","is_machine_readabled":"true","is_easy_dowloaded":"true","is_open_licenced":"true","is_updated":"false"}