{"id":"strasbourgautorisationdinstallationdtalagesetdeterrasses","ville":"Strasbourg","departement":"Bas-Rhin","categorie":"Autorisation d'installation d'étalages et de terrasses","is_exist":"true","institution":"Eurométropole de Strasbourg","titre":"Terrasses autorisées en 2019 ","is_public":"true","is_free":"true","is_on_web":"true","data_loc":"https:\/\/data.strasbourg.eu\/explore\/dataset\/terrasses-autorisees-en-2019\/table\/?disjunctive.nom","is_machine_readabled":"true","is_easy_dowloaded":"true","is_open_licenced":"true","is_updated":"true"}