{"id":"strasbourghorairesthoriquesdestransportspublics","ville":"Strasbourg","departement":"Bas-Rhin","categorie":"Horaires théoriques des transports publics","is_exist":"true","institution":"Eurométropole de Strasbourg","titre":" Réseau de transport de l’Eurométropôle de Strasbourg. Ne couvre pas les transports du Bas Rhin (CTBR)","is_public":"true","is_free":"true","is_on_web":"true","data_loc":"https:\/\/transport.data.gouv.fr\/datasets\/gtfs-strasbourg\/","is_machine_readabled":"true","is_easy_dowloaded":"true","is_open_licenced":"true","is_updated":"true"}