{"id":"strasbourghorairestempsreldestransportspublics","ville":"Strasbourg","departement":"Bas-Rhin","categorie":"Horaires temps réel des transports publics","is_exist":"true","institution":"Compagnie des transports Strasbourgeois","titre":"Outil en ligne proposé par la CTS","is_public":"true","is_free":"true","is_on_web":"true","data_loc":"https:\/\/www.cts-strasbourg.eu\/opencms\/fr\/se-deplacer\/temps-reel\/","is_machine_readabled":"false","is_easy_dowloaded":"false","is_open_licenced":"false","is_updated":"true"}