{"id":"strasbourganomaliessignalesparlescitoyenssurlavoiepublique","ville":"Strasbourg","departement":"Bas-Rhin","categorie":"Anomalies signalées par les citoyens sur la voie publique","is_exist":"true","institution":"Eurométropole de Strasbourg","titre":"Mon Strasbourg","is_public":"false","is_free":"false","is_on_web":"false","data_loc":"https:\/\/demarches.strasbourg.eu\/interventions-signalements\/","is_machine_readabled":"false","is_easy_dowloaded":"false","is_open_licenced":"false","is_updated":"false"}