{"id":"strasbourglistedesprnoms","ville":"Strasbourg","departement":"Bas-Rhin","categorie":"Liste des prénoms","is_exist":"true","institution":"Eurométropole de Strasbourg","titre":"Prénom des nouveaux nés à Strasbourg","is_public":"true","is_free":"true","is_on_web":"true","data_loc":"https:\/\/data.strasbourg.eu\/explore\/dataset\/prenom-nouveaux-nes\/information\/?disjunctive.annee&sort=annee","is_machine_readabled":"true","is_easy_dowloaded":"true","is_open_licenced":"true","is_updated":"true"}