{"id":"toulousedisponibilitdesvlosenlibreservice","ville":"Toulouse","departement":"Haute-Garonne","categorie":"Disponibilité des vélos en libre service","is_exist":"true","institution":"Toulouse Métropole","titre":"API Vélô Toulouse (Temps réel) ","is_public":"false","is_free":"true","is_on_web":"true","data_loc":"https:\/\/data.toulouse-metropole.fr\/explore\/dataset\/api-velo-toulouse-temps-reel\/information\/","is_machine_readabled":"false","is_easy_dowloaded":"false","is_open_licenced":"false","is_updated":"false"}