{"id":"toulousechantiersencourssurlespacepublic","ville":"Toulouse","departement":"Haute-Garonne","categorie":"Chantiers en cours sur l'espace public","is_exist":"true","institution":"Toulouse Métropole","titre":"Chantiers en cours - Toulouse Métropole ","is_public":"true","is_free":"true","is_on_web":"true","data_loc":"https:\/\/data.toulouse-metropole.fr\/explore\/dataset\/chantiers-en-cours\/table\/","is_machine_readabled":"true","is_easy_dowloaded":"true","is_open_licenced":"true","is_updated":"true"}