{"id":"toulonhorairestempsreldestransportspublics","ville":"Toulon","departement":"Var","categorie":"Horaires temps réel des transports publics","is_exist":"true","institution":"Réseau Mistral","titre":"Horaires du réseau Mistral : BUS ET BATEAUX-BUS DE LA MÉTROPOLE TOULON PROVENCE MÉDITERRANÉE","is_public":"true","is_free":"true","is_on_web":"true","data_loc":"https:\/\/www.reseaumistral.com\/fr\/horaires\/23","is_machine_readabled":"false","is_easy_dowloaded":"false","is_open_licenced":"false","is_updated":"true"}