{"id":"toulouseautorisationsdurbanismes","ville":"Toulouse","departement":"Haute-Garonne","categorie":"Autorisations d'urbanismes","is_exist":"true","institution":"Région Haute-Garonne","titre":"Permis de construire et autorisations d'urbanisme de la ville de Toulouse","is_public":"false","is_free":"false","is_on_web":"false","data_loc":"http:\/\/www.haute-garonne.gouv.fr\/Politiques-publiques\/Amenagement-durable-du-territoire\/Urbanisme-permis-de-constuire-fiscalite-de-l-amenagement\/Permis-de-construire-declarations-prealables-etc2\/Permis-de-construire-declarations-prealables-etc#!\/particuliers\/page\/F1986","is_machine_readabled":"false","is_easy_dowloaded":"false","is_open_licenced":"false","is_updated":"false"}