{"id":"toulouselistedesprnoms","ville":"Toulouse","departement":"Haute-Garonne","categorie":"Liste des prénoms","is_exist":"true","institution":"Toulouse Métropole","titre":"Prénoms déclarés à l'Etat civil de Toulouse de 2003 à 2012","is_public":"true","is_free":"true","is_on_web":"true","data_loc":"https:\/\/data.toulouse-metropole.fr\/explore\/dataset\/prenoms-declares-a-l-etat-civil-de-toulouse-de-2003-a-2012\/information\/","is_machine_readabled":"true","is_easy_dowloaded":"true","is_open_licenced":"true","is_updated":"false"}