{"id":"toulonanomaliessignalesparlescitoyenssurlavoiepublique","ville":"Toulon","departement":"Var","categorie":"Anomalies signalées par les citoyens sur la voie publique","is_exist":"true","institution":"Ville de Toulon","titre":"Déclarer une dégradation sur la voie publique","is_public":"false","is_free":"false","is_on_web":"false","data_loc":"https:\/\/toulon.fr\/faq\/declarer-une-degradation-publique-3-juillet-2015","is_machine_readabled":"false","is_easy_dowloaded":"false","is_open_licenced":"false","is_updated":"false"}