{"id":"toulouseautorisationdinstallationdtalagesetdeterrasses","ville":"Toulouse","departement":"Haute-Garonne","categorie":"Autorisation d'installation d'étalages et de terrasses","is_exist":"true","institution":"Toulouse Métropole","titre":"Terrasses autorisées - Ville de Toulouse ","is_public":"true","is_free":"true","is_on_web":"true","data_loc":"https:\/\/data.toulouse-metropole.fr\/explore\/dataset\/terrasses-autorisees-ville-de-toulouse\/table\/","is_machine_readabled":"true","is_easy_dowloaded":"true","is_open_licenced":"true","is_updated":"true"}