{"id":"toulouseanomaliessignalesparlescitoyenssurlavoiepublique","ville":"Toulouse","departement":"Haute-Garonne","categorie":"Anomalies signalées par les citoyens sur la voie publique","is_exist":"true","institution":"Allo Toulouse","titre":"Allo Toulouse","is_public":"false","is_free":"false","is_on_web":"false","data_loc":"https:\/\/www.toulouse.fr\/web\/prevention-securite\/allo-toulouse","is_machine_readabled":"false","is_easy_dowloaded":"false","is_open_licenced":"false","is_updated":"false"}