{"id":"toulousesubventionsauxassociations","ville":"Toulouse","departement":"Haute-Garonne","categorie":"Subventions aux associations","is_exist":"true","institution":"Toulouse Métropole","titre":"Subventions versées à des organismes 2018 -Ville de Toulouse","is_public":"true","is_free":"true","is_on_web":"true","data_loc":"https:\/\/data.toulouse-metropole.fr\/explore\/dataset\/subventions-versees-a-des-organismes-2018-ville-de-toulouse\/information\/","is_machine_readabled":"true","is_easy_dowloaded":"true","is_open_licenced":"true","is_updated":"true"}