{"id":"toulonhorairesthoriquesdestransportspublics","ville":"Toulon","departement":"Var","categorie":"Horaires théoriques des transports publics","is_exist":"true","institution":"Métropole Toulon Provence Méditerranée","titre":"Description complète des lignes du réseau Mistral sur la Métropole Toulon Provence Méditerranée","is_public":"true","is_free":"true","is_on_web":"true","data_loc":"https:\/\/transport.data.gouv.fr\/datasets\/reseau-de-transport-urbain-de-la-metropole-toulon-provence-mediterranee\/","is_machine_readabled":"true","is_easy_dowloaded":"true","is_open_licenced":"true","is_updated":"true"}