{"id":"toulousemarchspublics","ville":"Toulouse","departement":"Haute-Garonne","categorie":"Marchés publics","is_exist":"true","institution":"Toulouse Métropole","titre":"Marchés publics - 2012 - Toulouse Métropole","is_public":"true","is_free":"true","is_on_web":"true","data_loc":"https:\/\/data.toulouse-metropole.fr\/explore\/dataset\/marches-publics-2012-toulouse-metropole\/information\/","is_machine_readabled":"true","is_easy_dowloaded":"true","is_open_licenced":"true","is_updated":"false"}