{"id":"toulouseevnementsculturelsconcertsfêtes","ville":"Toulouse","departement":"Haute-Garonne","categorie":"\"Evénements culturels (concerts, fêtes, …) \"","is_exist":"true","institution":"Toulouse Métropole","titre":"   Agenda des manifestations culturelles","is_public":"true","is_free":"true","is_on_web":"true","data_loc":"https:\/\/data.toulouse-metropole.fr\/explore\/dataset\/agenda-des-manifestations-culturelles-so-toulouse\/information\/?sort=-date_debut","is_machine_readabled":"true","is_easy_dowloaded":"true","is_open_licenced":"true","is_updated":"true"}