{"id":"toulousehorairestempsreldestransportspublics","ville":"Toulouse","departement":"Haute-Garonne","categorie":"Horaires temps réel des transports publics","is_exist":"true","institution":"Toulouse Métropole","titre":"API en temps réel du réseau Tisséo dans la ville de Toulouse","is_public":"true","is_free":"true","is_on_web":"true","data_loc":"https:\/\/data.toulouse-metropole.fr\/explore\/dataset\/api-temps-reel-tisseo\/information\/","is_machine_readabled":"true","is_easy_dowloaded":"true","is_open_licenced":"false","is_updated":"true"}