{"id":"tourschantiersencourssurlespacepublic","ville":"Tours","departement":"Indre-et-Loire","categorie":"Chantiers en cours sur l'espace public","is_exist":"true","institution":"Tours Métropole Val de Loire","titre":"Les chantiers sur l'espace public de Tours","is_public":"true","is_free":"true","is_on_web":"true","data_loc":"https:\/\/data.tours-metropole.fr\/explore\/dataset\/travaux_lineaire\/table\/","is_machine_readabled":"true","is_easy_dowloaded":"true","is_open_licenced":"true","is_updated":"true"}