{"id":"tourshorairestempsreldestransportspublics","ville":"Tours","departement":"Indre-et-Loire","categorie":"Horaires temps réel des transports publics","is_exist":"true","institution":"Fil Bleu (Tours Métropole)","titre":"Horaires en temps réel des arrêts","is_public":"true","is_free":"true","is_on_web":"true","data_loc":"https:\/\/www.filbleu.fr\/horaires-et-trajet\/horaires-temps-reel","is_machine_readabled":"false","is_easy_dowloaded":"false","is_open_licenced":"false","is_updated":"true"}