{"id":"toursanomaliessignalesparlescitoyenssurlavoiepublique","ville":"Tours","departement":"Indre-et-Loire","categorie":"Anomalies signalées par les citoyens sur la voie publique","is_exist":"true","institution":"Tours Métropole Val de Loire","titre":"Différent services et signalements disponible sur le site Tous Métropole Val de Loire","is_public":"false","is_free":"false","is_on_web":"false","data_loc":"https:\/\/services.tours-metropole.fr","is_machine_readabled":"false","is_easy_dowloaded":"false","is_open_licenced":"false","is_updated":"false"}