{"id":"tourshorairesthoriquesdestransportspublics","ville":"Tours","departement":"Indre-et-Loire","categorie":"Horaires théoriques des transports publics","is_exist":"true","institution":"Tours Métropole Val de Loire","titre":"offre de transport théorique (lignes, arrêts, horaires) du réseau Fil Bleu","is_public":"true","is_free":"true","is_on_web":"true","data_loc":"https:\/\/transport.data.gouv.fr\/datasets\/horaires-theoriques-du-reseau-fil-bleu-tours-metropole-gtfs\/","is_machine_readabled":"true","is_easy_dowloaded":"true","is_open_licenced":"true","is_updated":"true"}