{"id":"villeurbannechantiersencourssurlespacepublic","ville":"Villeurbanne","departement":"Métropole de Lyon","categorie":"Chantiers en cours sur l'espace public","is_exist":"true","institution":"Ville de Vileurbanne","titre":"Le déroulement des travaux","is_public":"false","is_free":"false","is_on_web":"false","data_loc":"https:\/\/www.villeurbanne.fr\/ma-ville\/urbanisme\/le-deroulement-des-travaux#","is_machine_readabled":"false","is_easy_dowloaded":"false","is_open_licenced":"false","is_updated":"false"}