{"id":"villeurbannepistescyclables","ville":"Villeurbanne","departement":"Métropole de Lyon","categorie":"Pistes cyclables","is_exist":"true","institution":"Métropole de Lyon","titre":"Plan piste cyclable","is_public":"true","is_free":"true","is_on_web":"true","data_loc":"https:\/\/www.grandlyon.com\/fileadmin\/user_upload\/media\/pdf\/deplacements\/20140310_gl_planpistescyclableslyon.pdf","is_machine_readabled":"false","is_easy_dowloaded":"false","is_open_licenced":"false","is_updated":"false"}