{"id":"villeurbanneanomaliessignalesparlescitoyenssurlavoiepublique","ville":"Villeurbanne","departement":"Métropole de Lyon","categorie":"Anomalies signalées par les citoyens sur la voie publique","is_exist":"true","institution":"Ville de Villeurbanne","titre":"Anomalie sur la voie publique (tag, décharge sauvage, chaussées, trottoirs, feux tricolores)","is_public":"false","is_free":"false","is_on_web":"false","data_loc":"https:\/\/demarches.villeurbanne.fr\/signalements\/autres-signalements\/","is_machine_readabled":"false","is_easy_dowloaded":"false","is_open_licenced":"false","is_updated":"false"}