{"id":"villeurbanneautorisationdinstallationdtalagesetdeterrasses","ville":"Villeurbanne","departement":"Métropole de Lyon","categorie":"Autorisation d'installation d'étalages et de terrasses","is_exist":"true","institution":"Ville de Villeurbanne","titre":"Demander une autorisation commerciale d'occupation du domaine public","is_public":"false","is_free":"false","is_on_web":"false","data_loc":"https:\/\/www.villeurbanne.fr\/demarches#demarche-482","is_machine_readabled":"false","is_easy_dowloaded":"false","is_open_licenced":"false","is_updated":"false"}