{"id":"villeurbanneautorisationsdurbanismes","ville":"Villeurbanne","departement":"Métropole de Lyon","categorie":"Autorisations d'urbanismes","is_exist":"true","institution":"Ville de Villeurbanne","titre":"Mes autorisations d'urbanisme","is_public":"false","is_free":"false","is_on_web":"false","data_loc":"https:\/\/www.villeurbanne.fr\/ma-ville\/urbanisme\/mes-autorisations-d-urbanisme","is_machine_readabled":"false","is_easy_dowloaded":"false","is_open_licenced":"false","is_updated":"false"}