{"id":"villeurbanneevnementsculturelsconcertsfêtes","ville":"Villeurbanne","departement":"Métropole de Lyon","categorie":"\"Evénements culturels (concerts, fêtes, …) \"","is_exist":"true","institution":"Ville de Villeurbanne","titre":"Activités culturels et fêtes à Villeurbanne","is_public":"true","is_free":"true","is_on_web":"true","data_loc":"https:\/\/www.villeurbanne.fr\/mon-quotidien\/mes-loisirs-ma-ville-nature\/mes-activites-culturelles-mes-fetes#fs-5229","is_machine_readabled":"false","is_easy_dowloaded":"false","is_open_licenced":"false","is_updated":"true"}