{"id":"villeurbannelocalisationdesarbres","ville":"Villeurbanne","departement":"Métropole de Lyon","categorie":"Localisation des arbres","is_exist":"true","institution":"Ville de Villeurbanne","titre":"Mes parcs et jardins","is_public":"false","is_free":"false","is_on_web":"false","data_loc":"https:\/\/www.villeurbanne.fr\/mon-quotidien\/mes-loisirs-ma-ville-nature\/a-la-decouverte-des-parcs-et-jardins\/mes-parcs-et-jardins","is_machine_readabled":"false","is_easy_dowloaded":"false","is_open_licenced":"false","is_updated":"false"}