{"id":"villeurbannedisponibilitdesvlosenlibreservice","ville":"Villeurbanne","departement":"Métropole de Lyon","categorie":"Disponibilité des vélos en libre service","is_exist":"true","institution":"Métropole de Lyon","titre":"Stations Vélo'v de la Métropole de Lyon","is_public":"true","is_free":"true","is_on_web":"true","data_loc":"https:\/\/data.grandlyon.com\/jeux-de-donnees\/stations-velo-v-metropole-lyon\/donnees","is_machine_readabled":"true","is_easy_dowloaded":"true","is_open_licenced":"true","is_updated":"true"}